id,name
1,소불고깃감
2,"후추, 청주, 소금, 설탕, 고추장, 마늘, 식초, 깨, 참기름"
3,크랜베리 말린것
4,어린잎 채소
5,오렌지마말레이드
6,먹다남은닭갈비
7,빠르미쟈노 치즈
8,등뼈
9,꽃상추
10,시즈닝가루
11,춘장기름
12,건멸치 큰것
13,게걸무
14,레몬에이드 파우더
15,큐민 가루
16,소스 케첩
17,다진당근
18,바지락 육수
19,해물다시다
20,브로콜리가루
21,계란
22,돼지고기앞다릿살
23,통오징어
24,매콤멸치볶음
25,꽃맛살
26,호빵
27,레드와인이나 미림
28,무가당 코코아 파우더
29,선택재료 쪽파
30,너구리
31,소등심
32,돈가쓰 소스
33,허브가루
34,표고버섯 말린것
35,돈가쓰소스
36,양념 고추기름
37,쇠고기 장조림용
38,양념 버터
39,간장 양조간장
40,쌀물엿
41,돼지껍데기
42,피망
43,맛간장
44,빨강 파프리카
45,따뜻한 물
46,바질파우더
47,유부초밥
48,소금 후추
49,손질절단꽃게
50,부재깽이
51,갈릭치킨양념
52,레몬필
53,슬라이스양파
54,나물 무침
55,통조림참치
56,오믈렛 소스
57,고구마중
58,다시팩
59,파프리카 小
60,마늘분말
61,비프스톡 1 큰술
62,슈레드모짜렐라치즈
63,라면스프 분말
64,얼음컵
65,초밥용 유부
66,캠벨 크림버섯스프
67,레몬청
68,간장양념
69,쉘초콜릿
70,사리곰탕 컵라면
71,레몬그라스
72,해선장소스
73,캐슈넛/건크렌베리/아몬드
74,칼국수면
75,바베큐소스 재료
76,우동볶이
77,닭육수
78,샐러드믹스
79,팥빙수팥팥
80,쇠고기 우둔살
81,있으면 밥
82,닭 혹은 야채 육수
83,젖은재료라면스프
84,토마토홀
85,크래커
86,시금치분말
87,마늘생강술
88,고형카레
89,주스
90,하인즈
91,얼음물
92,떡국 떡
93,돈등심
94,돼지 육수 8 큰술
95,레몬 슬라이스
96,토닉워터
97,해물
98,흰쌀밥
99,조청
100,보드카
101,오징어 젓갈
102,미니취청오이
103,녹채소
104,"소금, 후추"
105,딸기 시럽 딸기
106,현미밥
107,허니레몬 드레싱
108,레토르트짜장
109,미니쥐포
110,식빵믹스
111,토마토살사
112,튀김가루
113,바베큐소스 혹은 돈가쓰소스
114,유산지
115,식초마요소스
116,양념 물
117,젤라틴가루
118,특수야채
119,설탕내지 캬라멜
120,청*홍고추
121,육수용 멸치
122,집간장
123,대추 혹은 밤
124,그린올리브
125,콘
126,커민가루
127,잉글리시 머핀
128,가지
129,소금&후추
130,만두
131,유채나물
132,스프분말
133,배합초
134,육회용 고기
135,청피망
136,간장:고춧가루:깨소금
137,우류
138,고구마무스
139,효모
140,콜라
141,옥수수국수
142,불린 쌀
143,곰취
144,리챔
145,설탕 1 티스푼
146,후랑크소세지
147,스위트칠리소스
148,돼지불고기용
149,꼬치용 꼬지
150,쌈 무
151,한우 채끝
152,콘치즈라면
153,보리쌀
154,죠리퐁
155,소시지 or 햄
156,곁들인 간장 양념 간장
157,사과잼
158,잡채용돼지고기
159,야채참치
160,"김, 계란, 오이1, 당근반개, 단무지, 햄, 오뎅, 크레미,우엉"
161,식빵 6 장
162,쇠고기 국거리용
163,슈레드 치즈
164,와사비소스 와사비
165,타르타르소스
166,초콜릿시럽
167,남은족발
168,실고추
169,왕뚜껑
170,스낵오이
171,삼치
172,녹차티백
173,리퀴드스모크
174,민어회
175,재료다크 커버춰초콜릿
176,동태포
177,시판용토마토소스
178,종이컵
179,갈은 돼지고기
180,신김치
181,소세지큰거
182,단촛물재료
183,오리지날 HP 버거 소스
184,라이스페이퍼
185,치자단무지
186,부채살
187,달걀노른자
188,고구마 1개
189,바질 가루
190,마카로니 2인 분량
191,건고구마나물
192,게란
193,키드니빈스
194,당면
195,화이트소스
196,참송이
197,다진김치
198,파뿌리
199,봉지바지락
200,아루굴라잎
201,각종버섯
202,작은 브로콜리
203,달래양념장 달래
204,남은카레
205,오레오 과자
206,계란잎
207,통개
208,스트링 치즈
209,바질잎
210,두부
211,카레가루
212,오레가노
213,빙수용 떡
214,삶은 계란
215,깨
216,양념장 대파
217,"참치, 마요네즈, 깻잎"
218,건 세모가사리 해초
219,파마산
220,노른자
221,튀김용 식용유
222,스트링치즈
223,얼음조각
224,삼계탕 티백
225,간 돼지고기
226,매운라면
227,달걀훈제
228,남은 짜투리채소
229,소고기불고기용
230,대구살
231,초고추장 양념 다진마늘
232,난
233,우유 2컵
234,양념설탕
235,샐러리 소금
236,치즈떡볶이떡
237,노랑 파프리카
238,한우 안심
239,팬케익믹스
240,비타민
241,도라지
242,스파게티
243,인절미
244,미원
245,절단 꽃게
246,판 젤라틴
247,소금 & 후추
248,김밥치즈
249,럼
250,방울토마토
251,육수 다시마
252,5x5 크기의 다시마
253,흰대파
254,레몬 웻지
255,코코넛 밀크
256,피넛버터
257,"다진마늘1T, 설탕1T,간장 1/3컵"
258,쇠고기 국거리
259,야끼밥
260,알 배추
261,로제 스파게티소스
262,다진 바질
263,체다슬라이스치즈
264,돈까스
265,화이트와인
266,조개살
267,고춧가루 큰술
268,다진양지
269,과일잼
270,닭껍질
271,삶은 시래기
272,양념굴소스
273,멸치국시라면수프
274,쌀떡
275,모짜렐라 생치즈
276,비빔양념장
277,손질주꾸미
278,재료
279,다진생강이나 생강가루
280,에그필링 계란노른자
281,소금. 후추
282,소주 혹은 스미노프
283,남은 전
284,냉동새우
285,손질새우
286,짜장라면
287,견과루
288,비비빅
289,밥물재료 물
290,달걀
291,세이지 혹은 깻잎
292,깻순
293,찌개용두부
294,선택재료 양송이버섯
295,튜브형 가나슈
296,옥수수콘 캔
297,마른 표고버섯 슬라이스
298,시판용 치즈케이크
299,올리고당 5 큰술
300,치즈
301,얇게썬 무와 당근
302,츄러스믹스
303,닭정육
304,상추쌈
305,매실발효액
306,핫칠리소스
307,무생채무말랭이무침
308,닭 날개
309,닭다리살 정육 350g
310,장식김
311,다진 피클
312,표고 버섯
313,블루베리 잼
314,민트잎
315,차돌박이 150g
316,삼계탕 한방재료
317,시판 토마토소스
318,호떡믹스
319,무절임
320,스팸구이스팸
321,메이플 시럽
322,생모짜렐라
323,데리야키소스
324,통조림 토마토
325,어린잎
326,오슬로 계란말이 팬
327,"밤, 대추"
328,관자
329,리치통조림
330,닭 정육
331,헤비크림
332,은행
333,옥수수통조림
334,돼지고기 다짐육
335,설탕 시럽
336,쌀국수
337,슬라이스 건표고버섯
338,쑥
339,닭모래집
340,수삼이나 인삼가루약간
341,다크커버춰초콜릿
342,스위트 칠리소스
343,목이버섯
344,머스타드 소스
345,해물라면
346,소육수
347,레몬껍질
348,코코넛가루
349,우유얼음
350,무순
351,어묵
352,치아시드
353,갓 물김치
354,후추가루
355,컵케익시트
356,"콘츠로스트,빵가루"
357,베이크드빈스
358,양념류 고추장
359,발사믹 혹은 꿀
360,실란트로
361,청양고추 2개
362,고운소금
363,파스퇴르 에이요
364,조미료
365,와사비 1 큰술
366,후추와 다진마늘
367,백비밥
368,요리당
369,카레 분말
370,옥수수통조림국물
371,자몽주스
372,육수 쯔유
373,곤약작은봉지
374,빨강파프리카
375,돼지갈비양념
376,아기간장
377,씨그램
378,생크림소스
379,펜시 파마산치즈
380,양념 쌈장
381,햇반반공기
382,잣
383,오트밀
384,큰 새우
385,만가닥버섯
386,디포리
387,초코송이
388,망고통조림
389,땅콩
390,다진 레몬껍질
391,배
392,코리엔더 잎
393,양념 설탕
394,비엔나 소시지
395,머랭
396,스팀랍스터
397,마시멜로
398,치아바타빵
399,튀밥
400,고춧가루
401,굵은 천일염
402,카옌 페퍼
403,흙애서 렌틸콩
404,오렌지 웻지
405,실온버터
406,케첩
407,등갈비
408,디종머스터드
409,"밥,조미김,참기름,깨"
410,가쓰오부시장국
411,양념
412,의성마늘 비엔나
413,효소액
414,전복
415,면삶기용물
416,머스터트소스
417,베트남고추
418,마스카포네치즈
419,건황태
420,바질 허브 후추
421,쪽파
422,냉동 오징어링
423,튀김유
424,통삼겹
425,찹쌀
426,아몬드 가루
427,사천후추
428,바질 말린것
429,소고기불고기감
430,매실엑기스
431,3분카레
432,오징어몸통
433,검은 깨
434,스냅콩
435,페투치니 파스타면
436,콘길리에
437,다진 당근
438,중국당면
439,청주
440,국수양념참기름
441,냉동왕만두
442,씻은 김치
443,칠리후레이크
444,바지락 혹은 모시조개
445,우엉 장아찌
446,슬라이스 마늘
447,레몬즙
448,부순땅콩
449,깐밤
450,필수재료 떡
451,토란대
452,베이크드빈스&달걀후라이
453,후춧가루
454,정종
455,아이스티분말
456,분유
457,다진
458,소고기양지
459,국수장국
460,멸치다시마육수
461,가다랑어포
462,양념치킨
463,마가린
464,부재료 사과
465,쌀
466,스리라차 혹은 핫소스
467,참치작은걸
468,주키니호박내지 애호박
469,크림치즈 200g
470,바베큐솔트
471,해물다시팩
472,굴
473,푸딩컵
474,꿀이나 메이플시럽
475,빼빼로
476,양파찹
477,사리곰탕면
478,크러쉬드 칠리페퍼
479,만두속
480,참치통조림 큰것 1개
481,김밥용 햄
482,파스타 삶은 물
483,우동면사리
484,석류분말
485,오징어다리
486,돼지고기
487,파슬리
488,동태
489,슬라이스 건표고
490,깐대파
491,젖은재료보드카
492,낫또
493,베이비딜피클
494,백앙금
495,고등어순살
496,닭다리 정육
497,크림소스
498,대패오징어
499,생표고버섯
500,도리토스
501,통조림 망고
502,떠먹는 아이스크림
503,오스터 믹서기
504,드라이 페페로치노
505,대차
506,관자살
507,후추 약간
508,손질링오징어
509,반죽 밀가루
510,물강활
511,데라웨어포도
512,장조림
513,마늘 다진것
514,일본식단무지
515,체다 슬라이스 치즈
516,옥수수 전분
517,치킨까스
518,돼지목살슬라이스
519,돼지뒷다리살
520,닭가슴살 소세지
521,무청시래기
522,모히또레몬라임
523,미니파프리카
524,열무
525,소면 혹은 라면
526,살사소스 토마토
527,분홍소시지
528,생오리
529,소고기 등심
530,연두부
531,작은 양파
532,커스터드크림
533,김밥용 우엉
534,파파쿡 코다리 비빔냉면
535,카스타드빵
536,건다시마
537,슬라잉스체다치즈
538,계란 노른자
539,슈가파우더
540,마카로니 마른것
541,인삼
542,긴소세지
543,화이트소스 밀가루
544,버터 80g
545,볶음깨
546,닭똥집
547,통조림 참치
548,겨자페이스트
549,청
550,파마산치즈가루 1 큰술
551,코팅용 화이트 초콜렛
552,훈제연어슬라이스
553,골뱅이 통조림 큰 것
554,파인애플슬라이스
555,드라이 파슬리
556,보쌈김치
557,옥수수 통조림
558,감자
559,양파효소
560,사각유부
561,땅콩잼
562,통조림 홀토마토
563,시럽 황설탕
564,방울빵
565,토마토 스파게티 소스
566,스위트앤칠리소스
567,통깨
568,간장 절임 마늘
569,바베큐소스
570,돼지불고기양념
571,청상추 혹은 치커리
572,그린비타민
573,마른고추
574,남은 신전떡볶이
575,생굴
576,갈릭버터
577,감자 작은 것
578,꽁치 통조림
579,오징어채
580,표고버섯 우린 물
581,묵은지찜 소스
582,양념 소금
583,자숙문어
584,통후추
585,대추
586,발사믹소스
587,얼린바나나
588,강황가루
589,양념물
590,초벌막창
591,돼지고기 볶음용
592,녹인초코
593,통 후추
594,그린커리 새우볶음
595,불닭라면
596,큰햇반
597,두반장
598,로메인토마토
599,밀가루 3 큰술
600,동치미
601,※닭다리살 정육은 대형마트 or 코스트코에서 구매
602,파인애플 통조림
603,신전떡볶이 남은 것
604,밀크캬라멜
605,양념장
606,참나물
607,튀김반죽
608,팬 케이크
609,멸치다시육수
610,삭초
611,쑥갓
612,오리엔탈소스
613,원하는 쿠키
614,윌튼색소 레드
615,늙은호박작은거로
616,꼬치전
617,대구곤이
618,정제염
619,둘레 20cm 정도의 크러스티한 빵
620,떡볶이떡
621,샐러리
622,크루통
623,돼지고기베이컨
624,마카다미아
625,레토르트 토마토소스l
626,쯔유
627,매운 고추
628,레몬제스트
629,2 우유
630,바닐라엑스트라
631,덮밥소스
632,드라이 바질
633,통 삼겹
634,치즈샌드크래커
635,하리보젤리
636,각종샐러드 채소
637,스팸캔
638,전분가루
639,무 반 개
640,토마토페스토
641,무염 버터
642,냉동 라즈베리
643,무or감자
644,생면
645,깐풍소스 고추기름
646,볼케이노치킨
647,소금후추
648,돼지
649,배조청
650,샐러드유
651,생딸기
652,빨간 피망
653,체다 치즈
654,가쓰오부시와 마요네즈
655,청하
656,조기
657,솔치
658,밀가루 박력분
659,마늘종
660,대파 2 뿌리
661,청경채 잎부분
662,메밀면
663,명란젓 3덩이
664,다시마 우린 물
665,토마토 케찹
666,생크림
667,도토리묵 가루
668,호가네 주꾸미
669,용과
670,우동사리
671,청소
672,고추장고기볶음
673,찐만두
674,초리조 슬라이스
675,키위
676,돼지고기안심
677,선택재료 올리브
678,소고기 안심
679,가쓰오국
680,해물 믹스
681,미지근한 물
682,청/홍피망
683,우둔살
684,밥
685,장아찌소스 간장
686,청사과
687,삶은 닭고기
688,올리브믹스
689,매실액기스
690,게맛살 크래미
691,바비큐 솔트
692,양배추 작은 것
693,칼국수생면
694,요커트
695,미강
696,땅콩기름
697,사리용 당면
698,팥가루
699,꽃소금
700,소고기국거리용
701,새송이 버섯
702,쌈무
703,바지락조개
704,석류
705,셰리 와인
706,레몬아이싱
707,딸기빼빼로
708,북어
709,마른 반찬
710,다진견과류
711,우엉
712,LA갈비
713,발사믹 크림
714,데리야끼 소스
715,꿀고구마큐브
716,떡갈비
717,차가운버터
718,양념 들기름 or 참기름
719,과일
720,통조림 꽁치
721,마늘 칩
722,화이트와인식초
723,식초 혹은 레몬즙
724,양념쌈장
725,실리콘몰드
726,라임 주스
727,계란 2개
728,쇠고기
729,인스턴트아메리카노
730,무염버터
731,모닝롤
732,식초 0.7 – 1컵
733,볶음용 쌀국수
734,김밥용 햄 한줄
735,사골국물
736,건멸치 작은것
737,고추기름 식용유
738,오꼬노미야끼
739,샤브샤브 국물
740,우박설탕
741,HONEY POWDER
742,버터 또는 식용유
743,실파
744,흑미밥
745,냉동 난
746,와사피
747,보리밥
748,훈제 연어
749,후리가케
750,소고기샤브샤브용
751,양념옥수수가루
752,피데기오징어
753,초코칩
754,버터 3 큰술
755,후레쉬모짜렐라
756,일반고춧가루
757,시판용 스테이크 소스
758,잉글리쉬머핀
759,샌드위치햄
760,참깨
761,김밥김
762,허니 파우더
763,허니머스타드
764,채썬 애호박
765,꿀 혹은 올리고당
766,우렁
767,또띠아12인치
768,사과즙
769,맛술 1 큰술
770,송송썬파
771,선택타임
772,인스턴트 블랙커피
773,표고버섯
774,레몬 반개
775,젤리믹스
776,불닭볶음탕면
777,백골뱅이
778,자숙문어다리
779,까나리 액젓
780,아침 감자
781,캡사이신소스
782,제육양념
783,연어
784,핫케이크 가루
785,청주나 소주
786,각종 해물
787,간장 반 컵
788,명란젓
789,과자
790,녹두쌀
791,큰 달걀
792,3분짜장
793,엠앤엠즈 초콜릿
794,칵테일 새우
795,초리조
796,돼지고기목살
797,곤약국수
798,양념장 다진마늘
799,명이나물
800,조선호박
801,파 다진 것
802,견과
803,홍시
804,말린 베트남고추
805,식용유
806,아무과일
807,대패삼겹살 혹은 얇은 전지살
808,아이밥
809,소멘
810,녹말가루
811,대하
812,토핑 단호박 슬라이스
813,케이준파우더
814,잔멸치
815,남은찬밥
816,수프분말
817,샐러드 채소
818,바몬드 카레
819,키스틱
820,하프 마요네즈
821,화이트 초코펜
822,무첨가두유
823,토핑용 말린 과일 및 견과류
824,차가운 물
825,들기름 or 참기름
826,떡사리
827,트러플소스
828,다진채소
829,만두속 다진소고기
830,부산오뎅
831,통깨조금
832,캔옥수수
833,고구마 찐것
834,누꼴라
835,얼큰한너구리
836,머위대
837,마른 고추
838,간 마늘
839,복숭아
840,낙지
841,파슬리 가루
842,돼지고기밑간 소금
843,시판 토마토 소스
844,호밀빵 혹은 베이글
845,말린묵
846,검정콩 서리태
847,가리비관자
848,렌틸콩
849,맛소금
850,모듬버섯
851,생 모짜렐라
852,치커리차말린것
853,파프리카 색깔별로
854,교자만두
855,쇠고기 등심
856,허브솔트
857,건블루베리
858,다진 고추
859,무쌈
860,자몽즙
861,손질 미니갑오징어
862,복분자주
863,수박즙
864,쇠고기간것
865,탈지분유
866,냉면 육수
867,호두아이스크림
868,한천
869,미쯔
870,모듬콩
871,설탕 또는 꿀
872,양념 까나리액젓
873,양상추
874,옥수수캔
875,닭다리
876,해감한 바지락
877,10인치 또띠아
878,파랑색소
879,고추참치통조림
880,피자호빵
881,춘장
882,말린황태
883,소고기
884,채 썬 깐도라지
885,양념반달감자
886,마늘가루
887,꼬치
888,토마토케찹
889,사천 후추
890,피쉬스틱
891,위에 발라 줄 노른자
892,화이트커버처초콜릿
893,체더치즈
894,칼국수
895,매실액
896,감자깡
897,매운고추
898,바비큐소스
899,오리고기
900,바닐라 익스트랙
901,핫도그
902,크랜베리 300g
903,야끼소바
904,돼지고기 다진것
905,밀가루 2 큰술
906,반쎄오가루
907,수박껍질
908,다진 돼기고기
909,미숫가루
910,야채시리얼
911,모듬어묵
912,치킨
913,우유 또는 물
914,병아리콩 통조림
915,불짬뽕
916,쵸코볼
917,팝콘 옥수수
918,칠리파우더
919,탄산수
920,백합
921,멜론
922,다진바질
923,오스카 마이어 베이컨
924,콘킬리오니
925,육수용 국물재료
926,양념재료
927,호박씨
928,세모가사리
929,에어-팝 팝콘
930,캔맥주
931,어묵과유부
932,아맛나콘
933,쫑쫑 썬 대파· 통깨
934,야채 잼
935,부라더소다딸기맛
936,부추양념 고춧가루
937,돼지족발 살코기
938,청양 고추 다진 것
939,불닭볶음면
940,모차렐라치즈
941,데미글라스
942,달래
943,바베큐 소스
944,대파 채썬 것
945,겨자소스 연겨자
946,저염 슬라이스치즈
947,블랙올리브
948,콩물
949,오코노미야키소스
950,두릅
951,각종 야채
952,크레페 반죽 밀가루
953,쑥갓잎
954,굵은소금
955,재료명
956,하루견과
957,돈가스소스
958,필수 오징어채
959,초콜릿잼
960,스프라이트
961,카옌페퍼
962,양파간것
963,샐러드용채소
964,타이고추
965,간양파
966,매생이
967,황태밑간 다진마늘
968,토마토 살사
969,쌈추 혹은 상추
970,키워
971,파인애플스틱
972,해파리
973,들깻가루
974,멸치육수
975,삼각김밥
976,마그마소스
977,유부초밥키트
978,선택재료 토마토
979,홈런볼
980,크림 치즈
981,미소된장
982,캐쳡
983,죠스바
984,시판 감자튀김
985,솜사탕
986,팬케이크믹스
987,dhdl
988,쪽파 또는 부추
989,후렌치파이
990,고두밥밥
991,구운소금
992,고춧가루 4 큰술
993,부침용 두부
994,생쌀
995,김밥용 단무지
996,아욱
997,고기만두
998,청파프리카
999,순후추가루
1000,파슬리 혹은 파래
1001,감말랭이
1002,맛살
1003,넓적당면
1004,간장
1005,파마산치즈가루
1006,소금과 설탕
1007,꽃게
1008,4색파프리카
1009,삼겹살
1010,남은 스테이크
1011,홀그레인 머스터드
1012,말린허브
1013,튜브형 헤이즐넛크림
1014,물 반컵
1015,창난젓
1016,유자폰즈
1017,슈거파우더
1018,닭가슴살 슬라이스
1019,선택재료 대파
1020,올리고당
1021,말린미역
1022,차돌박이 혹은 우삼겹
1023,주키니호박
1024,작은바게트
1025,누룽지
1026,또리띠아
1027,쇠고기 양념 양조간장
1028,갈비
1029,요리 당
1030,계란 과자
1031,다진 야채
1032,돼지고기다진것
1033,노란파프리카
1034,M&M초콜릿
1035,토마토 소스
1036,감자칩
1037,호떡용잼믹스
1038,메밀소바
1039,소금 후추 적당량
1040,우유:생크림
1041,시판 바질페스토
1042,케일가루
1043,더 신선한 매생이
1044,바닐라 엑스트랙
1045,해물믹스
1046,블루치즈
1047,후르츠칵테일
1048,김말이
1049,라면스프
1050,청포묵
1051,다진 피망
1052,샐러리대
1053,달걀 삶은 것
1054,쓰리라차
1055,건 표고버섯
1056,반죽 달걀
1057,4~5종류의 버섯
1058,식초 3 큰술
1059,오모리 김치찌개
1060,소고기홍두께살또는 우둔살
1061,필수재료 무
1062,해남군고구마
1063,케첩 8 큰술
1064,다시마
1065,얼린 우유
1066,양념 다진마늘
1067,샐러드채소
1068,옥수수 콘
1069,"마트에서파는 삼계탕용 한방육수 , 마늘10~15개 , 대파 한줄반 , 대추"
1070,푸실리
1071,다진 청양고추
1072,스테이크 소스
1073,통조림 골뱅이
1074,생바지락살
1075,로즈마리 말린것
1076,애호박
1077,사탕수수당
1078,참기름&소금&깻가루
1079,빠삐코바
1080,파슬리 약간
1081,붉은 파프리카
1082,라이스누들
1083,시나몬 파우더
1084,슬라이스모짜렐라치즈
1085,소고기우둔살
1086,황파프리카
1087,천일염
1088,돼지 앞다리살
1089,생강청
1090,통참깨
1091,돈코츠라멘
1092,미니머핀
1093,우동
1094,매운 고춧가루
1095,반건시
1096,백설 쿠킷
1097,샤오롱만두
1098,양념장 고춧가루
1099,시판감자수제비
1100,파마산 치즈가루
1101,잡버섯
1102,찹쌀누룽지
1103,태국고추
1104,사과
1105,체다치즈 소스
1106,오돌뼈
1107,굴소스 0.5 큰술
1108,마늘칩
1109,떡볶이 양념
1110,돌김
1111,다진 호두
1112,메로나
1113,바나나맛우유
1114,필수재료 양파
1115,그라나파나노
1116,바닐라아이스크림
1117,짜장참치
1118,올리으뷰&소금
1119,올리고당 혹은 설탕
1120,립아이 스테이크
1121,초장
1122,올리브 오일
1123,깍두기국물
1124,아티초크 절임
1125,붉은팥
1126,팥
1127,"우유, 버터 40g"
1128,양조간장이나 진간장
1129,잡내제거용 재료
1130,바베큐소금
1131,스리라차소스
1132,갈은 생강
1133,굴소스또는 미소된장
1134,밀가루 한 컵
1135,인스턴트라떼
1136,선택재료 대파잎
1137,미니새송이버섯
1138,사과음료
1139,카레분말
1140,돈가쓰 소스 1 큰술
1141,유부조림재료
1142,소고기간거
1143,소스양념 간장
1144,설탕 1 큰술
1145,오이
1146,코리앤더
1147,슬라이스마늘
1148,통사겹살
1149,미니당근
1150,인스턴트밥
1151,초고추장 고추가루
1152,절임물 간장
1153,냉동 만두
1154,삶은우거지
1155,새알감자
1156,바닐라 농축액
1157,랩
1158,물만두
1159,쌀죽
1160,생면사리
1161,오레오
1162,홀그레인머스타드
1163,불고기 양념 양조간장
1164,소고기육전용
1165,훈제오리고기
1166,옥수수전분
1167,닭갈비양념
1168,벌꿀
1169,게맛살
1170,마늘소금
1171,드레싱 식초
1172,소면 마른것
1173,염장 꼬시래기
1174,통밀쿠키
1175,감초
1176,양념피클렐리쉬
1177,플레인액상요구르트
1178,잉글리시머핀
1179,들깨가루
1180,대파슬라이스
1181,키위소스 키위
1182,사리면
1183,알새우
1184,슬라이스체다치즈
1185,커피우유
1186,얼린 소다맛 음료
1187,잘익은 배추김치
1188,슈가 파우더
1189,돼지 등심살
1190,포장용품
1191,고구마말랭이
1192,올리고당 혹은 꿀
1193,김
1194,미림
1195,딸기
1196,양념소스 다진마늘
1197,오모리 김치찌개 라면
1198,프리미엄 게맛살
1199,코코아파우더
1200,칠리 파우더
1201,고기
1202,소양지살
1203,흰살생선
1204,오레오 쿠키
1205,옐로우 파프리카
1206,돼지고기불고기용
1207,미니 통식빵
1208,바질 페스토
1209,대하새우
1210,콩국물
1211,케이앤 페퍼
1212,브로컬리
1213,고수잎
1214,키리모찌
1215,시판갈비양념
1216,박력분
1217,발사믹식초
1218,선택재료 녹차가루
1219,새우
1220,얼린딸기
1221,로켓
1222,통식빵
1223,메밀국수 건면
1224,조선간장
1225,대패 삼겹살
1226,불린당면
1227,골뱅이 통조림
1228,장아찌 소스 물
1229,천연소금
1230,볶은콩가루
1231,설탕 4 큰술
1232,소금버터양념
1233,콩비지
1234,공기밥
1235,시나몬파우더 or 코코아파우더
1236,바닐라액
1237,옥수수 4 큰술
1238,페투치니
1239,다진대파
1240,버터
1241,배춧잎작은거
1242,양념 배
1243,홍합
1244,연겨자나 일반겨자
1245,바닐라 에센스
1246,죽순
1247,라면 혹은 소면
1248,참기름
1249,톳나물
1250,생토마토
1251,요구르트
1252,올리브 유
1253,통후추가루
1254,숙주나물
1255,초콜렛
1256,베이킹파우더
1257,통베이컨 250g
1258,사과주스
1259,맥도날드 불고기버거
1260,쇠고기 다짐육
1261,송화버섯
1262,스파게티면두께로
1263,A1 스테이크 소스
1264,홍고추
1265,무설탕 그릭 요거트 1통
1266,파이지
1267,다진 소고기
1268,건미역
1269,녹말물
1270,간장 3 큰술
1271,콩고물 가루
1272,양념 들기름
1273,닭 다리살
1274,칵테일 새우 또는 대하
1275,라면사리
1276,스위트 칠리 소스
1277,명란젖
1278,손질낙지
1279,아이싱 슈가
1280,민트초코아이스크림
1281,시판알군밤
1282,바게트
1283,아구
1284,맑은사케
1285,불고기햄
1286,우동소스
1287,선택재료 달걀
1288,양념 장 간장
1289,오모리김치찌개소스
1290,깐풍소스 물
1291,적양배추
1292,살라미슬라이스
1293,소스 소금
1294,맛술 반 컵
1295,선택  바닐라에센스
1296,겨자양파소스
1297,다진양파
1298,링귀니 파스타면
1299,다시육수
1300,간 무
1301,돼지고기 찌개용
1302,프로스팅
1303,냉동돈가스
1304,쪽파 2 뿌리
1305,쿠민파우더
1306,크러시드레드페퍼
1307,해산물믹스
1308,소스 시판토마토소스
1309,사워도우슬라이스
1310,페이스트리 반죽
1311,건크렌베리
1312,알배추 잎
1313,크랩
1314,11cm 스틱 빼빼로
1315,옛날소세지
1316,선택재료 다시마
1317,오감자
1318,요거트 크림소스
1319,타피오카 가루
1320,냉이
1321,굵은 고춧가루
1322,양상추크게
1323,오징어짬뽕 라면
1324,연유마요네즈소스 3 큰술
1325,불린 녹두
1326,홍/청피망
1327,장아찌양념 물
1328,느타리 버섯
1329,리큐르 혹은 과일시럽
1330,말린 바질
1331,저염 명란젓
1332,흙애서 서리태
1333,갈비살
1334,돼지고기 통삼겹
1335,생 바질
1336,콘옥수수
1337,위대한버거
1338,시판커리
1339,파르펠레
1340,레몬쥬스
1341,말린 허브
1342,견과류분태
1343,명란 6 덩이
1344,냉동무뼈닭발
1345,단촛물
1346,대구 수제직화막창
1347,주먹밥 후레이크
1348,삼색파프리카
1349,마늘
1350,감
1351,튀김용소스 굴소스
1352,라멘사리
1353,가리비
1354,녹차잎
1355,별사탕 장식
1356,간장게장
1357,중국브로컬리
1358,청양고추가루
1359,아맛나 콘아이스크림
1360,다진마늘 1 큰술
1361,아귀
1362,소불고기
1363,갈릭솔트
1364,"스팸햄,참치"
1365,푸실리파스타
1366,계란흰자
1367,소스
1368,발사믹 리덕션
1369,닭 윙
1370,골뱅이 통조림 국물
1371,매실농축액
1372,피타브레드
1373,곤약가루
1374,어린잎 새싹
1375,장충동 찰순대
1376,차돌박이
1377,돼지등심
1378,이십오 참치
1379,소갈비
1380,백미
1381,코팅용초콜릿
1382,허쉬초코우유
1383,엽떡
1384,커민
1385,달걀물
1386,사과식초
1387,강황 가루
1388,설탕시럽
1389,홍파프리카
1390,카레 파우더
1391,진마늘
1392,겨자
1393,삼양라면
1394,도시락김
1395,채소
1396,당근과 오이
1397,빵가루
1398,토핑용 코코넛밀
1399,색파프리카
1400,조각얼음
1401,굴소스
1402,보쌈
1403,선택재료 버터
1404,100원크기파스타
1405,얼갈이
1406,당근
1407,수프 가루
1408,모듬견과류
1409,라면 사리
1410,바나나
1411,인스턴트 이스트
1412,대파 작은 것
1413,연어필레
1414,생강즙
1415,블루베리젤리
1416,녹차 스프레드
1417,플레인요거트 시판 요거트
1418,쇠고기다시다
1419,볶음밥용쌈장 쌈장
1420,주황 파프리카
1421,"간장, 식초, 설탕, 고추"
1422,치즈믹스
1423,소고기등심
1424,카레 큐브 혹은 가루
1425,페투아치네면
1426,통새우튀김
1427,건홍고추
1428,올스파이스
1429,파
1430,아가배시럽
1431,또띠아 중간사이즈
1432,윙
1433,한약재팩
1434,대구내장
1435,키조개관자
1436,땅콩 볶은것
1437,멸치가루
1438,우동다시
1439,생크림 또는 우유
1440,망고
1441,감귤쥬스
1442,카레가루 혹은 큐브
1443,백년초가루
1444,복숭아통조림
1445,피꼬막
1446,시판 스파게티 소스
1447,돼지비계
1448,콩국크림소스 콩국물
1449,양념우스터소스
1450,준치살 혹은 흰살생선
1451,모짜렐라
1452,이쑤시개
1453,스팸 150g
1454,녹말 가루
1455,달래장양념
1456,양념머스터드소스
1457,다이제 쿠키
1458,오징어먹물
1459,갈은돼지고기
1460,말린 고추
1461,고구마분말
1462,마른 새우
1463,청/홍고추
1464,만두피 반 봉지
1465,다시다요리수
1466,맛타리버섯
1467,다진 김치
1468,엑스트라버진올리브오일
1469,후랑크햄
1470,아무종류 잼
1471,불린미역
1472,바질가루
1473,김밥 재료
1474,바비큐소금
1475,카카오 빈
1476,대파썬것
1477,오이&호박&새송이버섯&당근
1478,클래식 알프레도 크림소스
1479,고기에뿌리는 밀가루
1480,피클홀
1481,야생쌀
1482,달걀 흰자
1483,페투치네면
1484,그린빈
1485,양송이버섯 슬라이스
1486,오뎅장국
1487,자반김
1488,말린곤드레나물
1489,타코 스파이스
1490,사골라면 스프
1491,탕수육소스
1492,황금양념
1493,국멸치
1494,왕교자
1495,돈가스튀김돼지고기 등심
1496,아가베시럽
1497,허니버터향과자
1498,청고추
1499,선택호박씨
1500,분말카레
1501,밀크
1502,발사믹리덕션
1503,루꼴라
1504,대파 약간
1505,깍두기각
1506,소고기국거리
1507,순살양념꽃게장
1508,시판용 토마토소스
1509,불닭통조림
1510,소고기안심
1511,새우젓
1512,죠스떡볶이
1513,씨리얼
1514,미림이나 청주
1515,데친 얼갈이배추
1516,선택마늘가루
1517,불린고사리
1518,부침가루
1519,데리야키소스설탕
1520,건표고
1521,슬라이스된 마늘
1522,여신과일초 바나나스타
1523,다진부추
1524,링오징어
1525,시리얼토핑
1526,라임 제스트
1527,생 블랙베리
1528,딸기잼
1529,캔 참치
1530,마른재료옥수수가루
1531,계란 2 개
1532,단호박
1533,청포도
1534,허니머스타드소스
1535,마일드참치
1536,황도
1537,국물양념
1538,튀김용기름
1539,당근채썬거
1540,적양파
1541,18크림
1542,순대부속품
1543,토핑용 견과류
1544,마카롱
1545,초코칩쿠키
1546,계란 삶은것
1547,드라이바질
1548,튀김기름
1549,고물
1550,꽃빵
1551,다크 초코펜
1552,5호닭
1553,우스타소스
1554,그릭요거트
1555,코코넛밀크
1556,멸치다시포
1557,국물용멸치
1558,메밀라면
1559,딸기 큰것
1560,런천미트
1561,마른 홍고추
1562,양념더덕
1563,피쉬볼
1564,삼계탕한방재료
1565,존슨빌소세지
1566,마이쮸
1567,슬라이스햄이나 베이컨
1568,황태포
1569,화이트커버춰초콜릿
1570,황색파프리카
1571,화이트초콜릿
1572,저지방우유
1573,양파슬라이스
1574,새꼬막
1575,닭순살
1576,흑후추
1577,냉동곱창/막창/대창
1578,냉채소스 식초
1579,올리고당 1 큰술
1580,다크초콜릿칩
1581,샤브샤브 양념장
1582,불린 고사리
1583,소세지바
1584,시판냉면육수
1585,냉동채소
1586,스파게티면 또는 파스타면
1587,돼지안심
1588,다진고기
1589,건 고추
1590,오뚜기미트볼
1591,참치
1592,쇠고기채끝
1593,따뜻한 밥
1594,규동 소스
1595,고등어자반
1596,튀김가루+밀가루
1597,코코넛 새우볶음
1598,다진소고기
1599,불닭소스
1600,빻은 오트밀
1601,"천일염,후추,바질가루"
1602,막창
1603,천도복숭아
1604,흙애서 오트밀
1605,비엔나소세지
1606,오미자액
1607,골뱅이
1608,토마토퐁듀
1609,다진 대파
1610,시나몬
1611,아티초크
1612,말린 멸치
1613,"쌀밥,김가루,깨소금"
1614,체리
1615,케이퍼
1616,율무
1617,당근 1개
1618,당면사리
1619,컬리플라워
1620,가당 연유
1621,파인애플 과육
1622,새우깡
1623,참석자 전원에게는 2만원 식사권이 제공됩니다
1624,양념 멸치액젓
1625,황태
1626,팥앙금
1627,흙애서 꿀고구마
1628,치토스
1629,삼계탕한방팩
1630,미니 새송이
1631,양념장 설탕
1632,소고기다짐
1633,아몬드 슬라이스
1634,타코와사비
1635,줄기콩
1636,건푸룬
1637,베리믹스
1638,밥이랑 치즈맛
1639,배주스
1640,대두유
1641,"간장, 물엿, 후추"
1642,코코볼
1643,우거지 혹은 시래기 적당량
1644,유부
1645,중력분
1646,가당생크림
1647,가다랑어
1648,부추
1649,연근
1650,청치커리
1651,제다슬라이스치즈
1652,등심돈가스
1653,가쓰오부시육수
1654,참치 통조림
1655,백도 통조림
1656,다진파
1657,종가집 볶음김치
1658,소고기등심슬라이스
1659,또띠아10인치
1660,무말랭이
1661,완두콩
1662,올리브유
1663,연겨자
1664,토마토케첩
1665,제빵용밀가루
1666,반죽밀가루
1667,생강가루
1668,나쵸치즈
1669,생강 다진 것
1670,각얼음
1671,닭강정
1672,돼지앞다리
1673,깻잎단
1674,마른 표고버섯
1675,빨간파프리카
1676,샐러드용해초
1677,배추잎
1678,멸치&아몬드 등 견과류
1679,치츠
1680,멍게
1681,기본육수
1682,액상 생크림
1683,볼어묵
1684,샤부샤부용 소고기
1685,갈릭파우더
1686,냉면사리
1687,부산씨앗호떡
1688,토마토
1689,건매생이
1690,건과일
1691,편마늘
1692,생크림+우유
1693,가쓰오브시
1694,조림장 어슷썬대파
1695,냉동 블루베리
1696,잡채
1697,햄버그스테이크
1698,뉴텔라
1699,브리치즈
1700,쌀뜨물
1701,현미
1702,캔참치
1703,케슈넛
1704,물엿
1705,골드키위
1706,일본식양념장어구이장어
1707,고구마 말린것
1708,플레인 요쿠르트
1709,깐마늘슬라이스
1710,샤브샤브소고기
1711,넓은쌀국수
1712,흰우유 저지방
1713,로메인상추
1714,치킨 윙
1715,홀머스타드
1716,땅콩분태 혹은 아몬드슬라이스
1717,부추다진거
1718,호박가루
1719,쌀엿
1720,에스프레소 샷
1721,족발
1722,쌀식초
1723,초코파이
1724,도토리
1725,가자미살
1726,쫄면장
1727,닭 근위
1728,빨간색식용색소
1729,넛맥 파우더
1730,2배식초
1731,갈릭 파우더
1732,아기용 저염 슬라이스 치즈
1733,녹말물약간
1734,어묵고로케
1735,일식돈까스소스
1736,"간장, 미림"
1737,콘씨리얼
1738,계란소스 계란
1739,외주박장아찌
1740,마늘소스 다진마늘
1741,양념소스
1742,팥조림
1743,할라피뇨고추
1744,건마늘
1745,소스 마요네즈
1746,꽈리고추
1747,맥키스
1748,토마토쥬스
1749,크래미
1750,다크
1751,반죽소금
1752,오이 다진 것
1753,선택재료 태국고추
1754,흰우유
1755,머핀
1756,펜네
1757,홀그레인 머스터드 소스 마요네즈
1758,참치통조림
1759,닭가슴살 삶은 육수
1760,"애호박  , , ,"
1761,호밀빵
1762,갈은소고기
1763,통조림햄
1764,다진 마늘 2 큰술
1765,육즙가득 짬뽕 군만두
1766,아귀포
1767,초고추장
1768,체다치즈
1769,코다리
1770,돼지고기 등심
1771,코코넛크림
1772,고구마무스 고구마
1773,각김치
1774,로메인
1775,삶은 얼갈이
1776,발사믹 식초
1777,알밤
1778,남은엽떡
1779,김가루
1780,붉은 고추
1781,삼계한방팩
1782,알감자 혹은 감자
1783,매실 액기스
1784,칠리소소
1785,유기농 현미 뻥튀기
1786,초고버섯
1787,볶음아마씨
1788,나래바 본 인 스테이크
1789,설레임
1790,새우딤섬
1791,양념후추
1792,말린 과일
1793,생 만두피
1794,설탕 1 컵
1795,돼지사골육수
1796,소시지부침 소시지
1797,소스 우유
1798,칠리플레이크
1799,돼지 등갈비
1800,토마토스스
1801,따뜻한 우유
1802,고추장등갈비구이 소스
1803,데코레이션 견과류
1804,빨강/노랑 파프리카
1805,크레이프
1806,양배추 혹은 알배추
1807,연어 통조림
1808,크림치즈소스
1809,홍합살
1810,멸치다시팩
1811,홀그레인머스터드
1812,생강엑기스
1813,양차
1814,북어채
1815,꽁치캔
1816,닭다리살
1817,피자 치즈
1818,김치다진것
1819,우엉+단무지
1820,떡볶이팩
1821,레몬즙 or 식초
1822,토란
1823,돼지다짐육
1824,집된장
1825,오징어
1826,메인재료 애호박
1827,후리카게 약간
1828,청&홍피망
1829,다양한 맛의 아이스크림
1830,데미글라스소스
1831,양지 혹은 사태
1832,냉면 면
1833,파스퇴르 쾌변 플레인맛
1834,낫토
1835,빨간색 색소
1836,냉동딸기
1837,간장조림소스 간장
1838,속편한 쾌변
1839,기름
1840,계피스틱
1841,통조림팥
1842,갈은깨
1843,후랑크 소시지
1844,토마토 통조림
1845,버터 혹은 식물성 기름
1846,마요네즈 소스 마요네즈
1847,사이드 메뉴 후랑크 소시지
1848,볶은아몬드
1849,절편
1850,아기양배추
1851,붉닭볶음면
1852,작은 감자
1853,묵은지
1854,슬라이스대파
1855,드라이이스트
1856,퀴노아
1857,찜용갈비
1858,크랜베리주스
1859,오렌지
1860,슬라이스 체다치즈
1861,할라페뇨
1862,참기름과 매실액
1863,생모짜렐라치즈
1864,소스레몬즙
1865,간장 드레싱 마늘
1866,적상추
1867,다시마물
1868,생새우
1869,메밀 건면
1870,빨간 고춧가루
1871,황태머리
1872,토마토퓌레
1873,청양 고추
1874,가다랭이포
1875,선택재료 삶은달걀
1876,빨간자두
1877,타임
1878,꽁치통조림
1879,비빔장 사과
1880,냉동 망고
1881,스테이크소스 또는 돈까스소스
1882,계란말이계란
1883,설탕소금
1884,러이스페이퍼
1885,곡물 식빵
1886,미소육수 다시마육수
1887,"소불고기,배,양파,대파,애호박,표고버섯,"
1888,칠리 후레이크
1889,해물 육수
1890,대구 시골 생막창
1891,또띠아10
1892,미나리크게
1893,자일로스설탕
1894,멸치다시다
1895,각종 치즈
1896,오레가노 말린것
1897,날치알
1898,찐빵
1899,순대
1900,칠면조고기 패티
1901,기타재료
1902,무가당 생크림
1903,초장 고추장
1904,컵
1905,푸른잎채소
1906,적채
1907,명란젓갈
1908,마른새우
1909,버터슬라이스
1910,냉면
1911,통 오트밀
1912,생크림 혹은 우유
1913,파래
1914,계란노른자 삶은것
1915,국물용 멸치
1916,페투치니 파스타
1917,크림
1918,훈제 파프리카
1919,사이다 혹은 탄산수 적당량
1920,햄슬라이스
1921,강낭콩
1922,눈꽃치즈
1923,부침용 밀가루
1924,웨하스
1925,홀스레디쉬
1926,저염명란
1927,각종 버섯
1928,국물 물
1929,돼지고기 앞다리살
1930,꼬막
1931,핫도그번
1932,로제소스
1933,9호 닭
1934,다진 쪽파
1935,숙주크게
1936,디존 머스터드
1937,녹두
1938,국물용 재료
1939,바나나맛 제티
1940,닭볶음탕용
1941,라면
1942,생 스트로베리
1943,붉은파프리카
1944,겨자소스 낼리낼리쉬 피클소스
1945,월계수잎
1946,아보가도
1947,앙팡치즈
1948,사골육수
1949,찬밥
1950,삼계탕 남은 것
1951,그래놀라
1952,꼬막살
1953,생강
1954,슬라이스햄
1955,인디안밥
1956,생강차
1957,미소 된장
1958,고등어
1959,꽃게짬뽕라면
1960,플레인 요거트
1961,백설탕
1962,순두부
1963,말린 취나물
1964,부추 혹은 대파
1965,슬라이스소시지
1966,베이비채소
1967,치킨 파우더
1968,육수용 재료
1969,곱창
1970,오렌지껍질
1971,콘치즈
1972,올리브 타파나드
1973,조림우엉
1974,풋사과
1975,인스턴트스프
1976,고추페스토
1977,양념장 간장
1978,녹두전
1979,집 간장
1980,하얀 슬라이스 치즈
1981,돼지고기앞다리살
1982,다진 파
1983,와사비페이스트
1984,ABC초콜렛
1985,무가당휘핑크림
1986,초콜렛 펜
1987,머스터드소스
1988,리코타
1989,양념 올리브유
1990,애플민트 잎
1991,무가당 연유
1992,냉동 바나나
1993,바질페스토
1994,바닐라설탕
1995,펜넬씨
1996,토핑
1997,아이비과자
1998,흙애서 볶은 통곡물
1999,냉동 맵쌀가루
2000,데친 시금치
2001,백합조개
2002,부추 적당량
2003,참외
2004,돼지고기양념 간장
2005,토마토스파게티소스
2006,생망고
2007,치킨스톡
2008,다진소고시
2009,토마토 中
2010,토마토파스타
2011,갈릭마요소스
2012,말린 파슬리
2013,크래커 과자
2014,표고
2015,왕중왕소스
2016,빵가루
2017,간장게장 간장
2018,소스재료 채썬양파
2019,라임즙
2020,다진 브로콜리
2021,포도쥬스
2022,초코볼
2023,디캡홍차티백
2024,녹색고추
2025,후추
2026,토핑용 견과류나 초콜릿
2027,라멘
2028,스위트콘
2029,고사리
2030,번데기
2031,건더기스프
2032,소스 간장
2033,만두피
2034,스파게티면
2035,장아찌소스 물
2036,봉희설렁탕
2037,돼지고기 불고기용
2038,피넛 버터
2039,코코넛칩
2040,지름 20cm 빵
2041,양념 된장
2042,시판 불고기소스
2043,이태리파슬리
2044,바비큐솔트
2045,설탕 0.5 큰술
2046,소고기슬라이스
2047,바지락
2048,들기름 약간
2049,흰쌀
2050,파채
2051,갈색설탕
2052,미니브로콜리
2053,레몬즙 2큰술
2054,얼린우유
2055,고메버터
2056,"청,홍피망"
2057,각종 잎채소
2058,팔각
2059,선택재료 표고버섯
2060,삶은 고구마
2061,미림이나 소주
2062,냉동만두
2063,파마산치즈
2064,우렁이
2065,연어캔
2066,쌀떡볶이 떡
2067,치킨파우더
2068,국간장
2069,양념 고추장
2070,해물모듬
2071,연유
2072,소안심
2073,팔기파우더
2074,다진 마늘 반 큰술
2075,보리
2076,겨자소스
2077,고명 김
2078,알록옥수수
2079,피칸
2080,매실청
2081,태국 고추
2082,너구리얼큰한맛
2083,베이크드빈즈
2084,여신과일초 러블리베리
2085,레토르트 사골육수 1L
2086,레몬식초
2087,냉동고기만두
2088,봄동배추
2089,쌈장
2090,앙파
2091,코코넛롱
2092,블랙빈 소스
2093,꿀호떡
2094,등심
2095,마니당근
2096,바나나우유
2097,파프리카분말
2098,분말스프
2099,양유치즈
2100,흰후추
2101,블루베리
2102,파인애플통조림
2103,필수재료 부추
2104,피자 반죽
2105,찬물
2106,매운갈비양념
2107,땅콩가루
2108,슬라이스 소고기
2109,호박
2110,표고버섯 또는 새송이
2111,바게트빵
2112,푸실리면
2113,쌍화차분말
2114,흙애서 볶은 아마씨
2115,골뱅이통조림
2116,그린홍합
2117,소스 고운 고춧가루
2118,고운고추가룬
2119,이베리코 베요타 황제폭립
2120,참기름
2121,포토벨로 버섯
2122,즉석 우동
2123,쌈추
2124,식용꽃
2125,옥수수콘
2126,포도씨오일
2127,귤 중간사이즈
2128,아롱사태
2129,샤브레
2130,신라면
2131,슬라이스 햄
2132,손질꽃게
2133,불닭볶음면소스
2134,편의점도시락
2135,소양지
2136,옥수수전분가루
2137,바닐라익스트랙
2138,참붕어빵
2139,케음⃞
2140,페페로치니
2141,갓김치
2142,참치캔
2143,치즈소스
2144,4등분한 브로콜리
2145,홀스래디소스
2146,귤청을 보관할 유리병
2147,물 4 큰술
2148,플레인요구르트
2149,녹차아이스크림
2150,냉면용 육수
2151,"소금, 후추, 올리브오일"
2152,기름 적당량
2153,튀김가루 반 컵
2154,가지고추
2155,초콜릿 칩
2156,바닐라 엑스트렉
2157,부순참깨
2158,양파다진것
2159,홀스레디쉬소스와 케이퍼
2160,고추
2161,순살고등어
2162,찜갈비
2163,와사비
2164,마요네즈 혹은 머스터드
2165,닭고기안심
2166,멸치햄 잔멸치
2167,세발나물
2168,양념 다진 마늘
2169,양념 고춧가루
2170,"영계닭 , 찹쌀 , 대추 , 마늘"
2171,항정살
2172,로즈메리
2173,스케이크 소스
2174,계란과자
2175,닭넓적다리살
2176,고추참치
2177,매신 진액
2178,훈제 혹은 생닭가슴살
2179,훈제오리
2180,새우젓갈
2181,다진 새우살
2182,돼지고기 다진 것
2183,또띠아
2184,미니 햄버거 번
2185,콜리플라워
2186,미니홍초
2187,고추기름
2188,찰옥수수
2189,머스타드
2190,백미밥
2191,시판 돈까스
2192,살사소스
2193,된장소스 미소된장
2194,모과
2195,도라지조청
2196,제티
2197,양념장어
2198,반죽계란
2199,게살
2200,당귀
2201,녹인 버터
2202,젖은재료밀가루
2203,포기김치
2204,돼지목살
2205,양배주
2206,명란젖갈
2207,빨간색소
2208,돈가스소스 케첩
2209,미니 다크 초콜릿 칩
2210,쇠고기다진것
2211,부침용 기름
2212,케이준 파우더 혹은 고운고춧가루
2213,배음료
2214,스팸햄
2215,레몬
2216,식초
2217,겨자분말
2218,쌀밥
2219,시나몬가루
2220,돼지고기 목살
2221,소고기다진것
2222,미고랭
2223,롯데샌드
2224,소스 오렌지 마멀레이즈
2225,양배추
2226,파스타
2227,시판용닭볶음탕소스
2228,햄
2229,쿠킹클래스 자세한 신청 정보는 신청하기를 클릭해주세요!
2230,풋고추
2231,적파프리카
2232,갈치
2233,팔도비빔면
2234,무가당 케피어
2235,브리오쉬번
2236,씻은김치
2237,감장
2238,닭가슴살캔
2239,따뜻한물
2240,파인애플캔
2241,소스 고추냉이
2242,다진 마늘
2243,샤워크림
2244,곤약누들
2245,로리앙 전기오븐
2246,아몬드우유
2247,소금과 후추
2248,잎채소
2249,치킨스톡큐브
2250,육회양념 참기름
2251,젖은재료소금
2252,병아리콩
2253,키위드레싱
2254,시판 카스테라
2255,다시마컵
2256,생소면
2257,사골라면
2258,홍석천 매운해물볶음면
2259,엔초비
2260,치커리
2261,맛술 혹은 화이트와인
2262,"홍고추, 청고추"
2263,양고기
2264,돌아와요 부산어묵
2265,제육볶음용 고기
2266,볶음고추장 고추장
2267,소고기목심
2268,꽃등심
2269,파마산가루
2270,감자큰거
2271,새싹
2272,양념장 만들기 고추장
2273,고추참치마요 참치
2274,메론맛우유
2275,귀빈정 오돌뼈
2276,숙주 적당량
2277,면
2278,물냉면육수
2279,페타치즈
2280,돈가스
2281,생우동사리
2282,땡초
2283,스크류바
2284,캔 옥수수
2285,절단꽃게
2286,얼갈이 배추
2287,포도알
2288,피자소스
2289,깻잎순
2290,사각오뎅
2291,케이언페퍼
2292,단백질 공화국 통밀 팬케이크
2293,샌드위침 햄
2294,된장 4 큰술
2295,불고기 양념 다진마늘
2296,꿀
2297,훈제연어
2298,비엔나소시지
2299,유기농 채소
2300,딜
2301,종합어묵
2302,10cmX10cm 크기의 다시마
2303,부순참개
2304,야키소바소스
2305,불린콩
2306,넓은당면
2307,익은김치
2308,초록 파프리카
2309,콩나물무침
2310,감자튀김
2311,육수용 드라이 오레가노
2312,트러플 초콜릿
2313,께소금
2314,라임쥬스
2315,무가당생크림
2316,휘핑크림
2317,짜장가루
2318,대파
2319,해산물
2320,훈제닭가슴살1팩
2321,코리엔더
2322,속배추
2323,매실원액
2324,유리병
2325,토마토슬라이스
2326,불고기소스
2327,매운건고추
2328,스테이크용소고기
2329,멸치
2330,소고기 등심 슬라이스
2331,다진고추
2332,초간장
2333,후랑크소시지
2334,그린 올리브
2335,연 겨자
2336,얼갈이배추
2337,호두분태
2338,캐슈넛
2339,섬초
2340,마트양념불고기
2341,샐러드
2342,열무김치국물
2343,뜨거운 물
2344,베트남 간장
2345,수삼
2346,칠리토마토과육 캔
2347,옐로우 머스터드
2348,고추장양념
2349,양념장재료
2350,다진 홍고추
2351,강된장
2352,채 썬 돼지고기
2353,양념 식용유
2354,양념 후춧가루
2355,코코넛워터
2356,청량고추
2357,육수양념 냉면육수
2358,고형분하이라이스
2359,꼬깔콘 새우마요맛
2360,푸딩
2361,돼지고기등심
2362,은박지
2363,진간장
2364,미니족발
2365,물전분
2366,버터+밀가루
2367,월계수 잎
2368,"소금, 후추, 설탕"
2369,중하새우
2370,튀김가루 1봉
2371,타이데리야끼소스
2372,소불고기용
2373,파마산치즈 가루
2374,빨간 단풍잎
2375,닭 중간크기
2376,애타리버섯
2377,코코아가루
2378,모둠어묵
2379,무 1/2개
2380,라면치즈
2381,먹태
2382,드라이타임
2383,감자 3 개
2384,바베큐폭립 소스
2385,프로볼론치즈
2386,돼지고기 앞다리
2387,핫소스 약간
2388,홍고추/청고추
2389,냉동 자숙 바지락
2390,폰즈소스
2391,일반 고춧가루
2392,대파 3 뿌리
2393,바게뜨빵
2394,떡볶이
2395,우럭
2396,케이젼 스파이스
2397,버터 6 큰술
2398,양가지
2399,양념장 들깨가루
2400,안성탕면
2401,호떡
2402,카레 가루
2403,단감
2404,삶은고구마줄기
2405,탄산수한병
2406,덧밀가루
2407,크레페믹스가루
2408,조선무
2409,마른재료치아씨드
2410,필라델피아크림치즈
2411,숏 파스타
2412,인스턴드드라이스트
2413,통밀식빵
2414,애플민트
2415,스탁or물
2416,돼지등갈비
2417,구이용 소고기
2418,오리엔탈 드레싱
2419,젖은재료베이킹파우더
2420,그린키위
2421,팝콘
2422,크랩스틱
2423,우유 얼음
2424,스크램블 애그
2425,마른재료시나몬가루
2426,전복장
2427,슬라이스치즈 5장
2428,바닐라 빈
2429,알배추
2430,아침에버터
2431,양파 파우더
2432,배춧잎
2433,말랑카우
2434,말린녹차가루
2435,오이채썬거
2436,메밀국수면
2437,참치액
2438,인스턴트잡채
2439,피자토핑
2440,휩 크림
2441,호가든
2442,카이엔 파우더
2443,쇠고기 양지
2444,양념장 양파
2445,타히니페이스트
2446,취영루 만두
2447,암바사
2448,메추리알조림
2449,불린쌀
2450,김치국물
2451,토스트식빵
2452,"코코아파우더, 녹차가루"
2453,단호박 삶은것
2454,매생이말린것
2455,해바라기씨
2456,아몬드크림
2457,김치볶음 김치
2458,두유
2459,후르츠 칵테일 시럽
2460,통조림 과일
2461,크로와상
2462,체다 슬라이스치즈
2463,청*홍*적피망
2464,매실액 또는 오미자액
2465,"치즈,볶음김치"
2466,아몬드밀크
2467,동그랑땡
2468,소스재료
2469,양념장 고추장
2470,토마토 슬라이스
2471,여신과일초 자몽파티
2472,다진피클
2473,후레이크
2474,파인애플후르츠
2475,한천가루
2476,생선살
2477,봉봉
2478,다진 양파
2479,버터넛 익힌것
2480,건새우
2481,옥수수
2482,인스턴트 드라이이스트
2483,감자전분
2484,소면
2485,흰깨
2486,갈은 배
2487,넛맥가루 약간
2488,청양고추다진거
2489,마늘크런치
2490,사이다
2491,토마토스파게티 소스
2492,마요네즈
2493,삶은고구마
2494,치아바타
2495,볶음탕용 손질닭
2496,적색파프리카
2497,대하 새우
2498,체리 통조림
2499,빛소금
2500,자른표고버섯
2501,양념 국간장
2502,호박고구마
2503,육수재료 국물용 멸치
2504,우동면
2505,다시마 육수
2506,계피설탕
2507,시판된장
2508,통조림 죽숙
2509,파프리카 가루
2510,스펀지케이크
2511,열무김치
2512,빨간 파프리카
2513,데코과일
2514,치킨스탁
2515,청양고추다진것
2516,오리로스
2517,밑간 양념 간장
2518,페퍼론치노
2519,블랙빈 통조림
2520,자몽
2521,황태채
2522,믹스치즈
2523,간마늘
2524,메밀가루
2525,홀할라피뇨
2526,기네스
2527,샬럿
2528,간장 및 겨자
2529,닭가슴살 진공팩
2530,육수용 재료 적당량
2531,"참기름, 설탕"
2532,로즈마리
2533,페투치니면
2534,도넛
2535,콩가루 또는 밀가루
2536,토스트
2537,쌈채소
2538,양송이 버섯
2539,배즙
2540,짜장분말
2541,시판용 크림소스
2542,소금 0.7 큰술
2543,손질오징어링
2544,적근대
2545,말린 크렌베리
2546,부침용부두
2547,진라면
2548,대게딱지장
2549,동원 훈제연어
2550,스프링클스
2551,블랙빈소스
2552,다크초콜렛
2553,삶은 올갱이살
2554,계란흰자른자
2555,허브소금
2556,온수
2557,두부밑간 소금
2558,선택재료 파마산치즈가루
2559,전분 물
2560,청국장
2561,핫케이크
2562,고구마 두개
2563,파인애플
2564,선택재료 슈가파우더
2565,다싯물
2566,엑스트라버진 올리브오일
2567,아이스플랜트
2568,육회
2569,표고버섯홀
2570,나무꼬치
2571,통모짜렐라
2572,한줌견과
2573,건수삼
2574,시래기
2575,슬라이스올리브
2576,생강술
2577,모듬채소
2578,데친 고사리
2579,선택파슬리가루
2580,카레가루 또는 짜장가루
2581,돼기고기 또는 닭고기
2582,훈제닭다리
2583,커리파우더
2584,닭가슴살 2~3덩이
2585,마른재료소금
2586,식탁김
2587,토핑과자
2588,붉은고추
2589,편의점 족발
2590,말린 표고버섯
2591,BBQ소스
2592,라자냐
2593,스파게티니
2594,토마토 작은 것
2595,짬뽕라면
2596,레토르트 우동
2597,짜파게티
2598,베이비야채
2599,오모리김치찌개라면
2600,사골곰탕 육수
2601,동남아 칠리소스
2602,샤프란
2603,레몬즙 혹은 식초
2604,올리브우일
2605,할라피뇨
2606,빨강 파크리카
2607,일식면
2608,생크림요거트
2609,토핑용 치즈
2610,삶은녹두
2611,연와사비
2612,마요네즈소스
2613,구멍뚫린 어묵
2614,수박
2615,돼지고기 수육용
2616,뜨거운물
2617,전복내장
2618,화이트초콜렛
2619,빵가루 혹은 식빵
2620,닭 허벅지 살
2621,스위스치즈슬라이스
2622,김밥용김
2623,등뼈 2 kg
2624,오이피클
2625,모듬 어묵
2626,육수다시마
2627,치즈가루
2628,땅콩분태
2629,소바면
2630,영양부추
2631,발사믹크림
2632,닭발
2633,백김치국물
2634,통밀팬케익믹스
2635,양파
2636,염장미역줄기
2637,파마산 치즈
2638,플레인 베이글
2639,구아까몰레
2640,흑설탕
2641,와인
2642,훈제베이컨
2643,자두
2644,황설탕
2645,냉동 가리비 관자
2646,초콜릿우유
2647,머스타드소스
2648,간장소스
2649,애기배추
2650,스모크 구다치즈
2651,토마토 소스 시판 토마토 홀
2652,대구
2653,레드 파프리카
2654,매운참치액
2655,갑오징어
2656,양념사과식초
2657,파프리카 3색
2658,쨈
2659,화이트초콜릿/다크초콜릿
2660,냉동망고
2661,문어 삶은것
2662,양념치킨소스
2663,모듬 샐러드채소
2664,바닐라에센스
2665,피자도우반죽
2666,양념장 굵게다진파
2667,닭넙적다리
2668,다진쇠고기
2669,파닭용 파채
2670,비엔나 핑거볼
2671,크림치즈
2672,잼 혹은 스프레드
2673,가리비관자 21-25
2674,스테이크용 고기
2675,커드크림
2676,양념매실농축액
2677,백김치
2678,소고기 갈은거
2679,삽겹살
2680,쫄면
2681,플레인 크림치즈
2682,허니크림치즈소스
2683,토마토페이스트
2684,피카츄호빵
2685,배추김치
2686,느타리버섯
2687,데리야끼소스
2688,꼬들 단무지
2689,모양 떡
2690,습식빵가루
2691,김치 국물
2692,홍차티백
2693,생 모차렐라치즈
2694,삶은 숙주
2695,스리랏차소스
2696,파절이
2697,건조 크랜베리
2698,마늘 장아찌
2699,데친 콩나물
2700,반건조오징어
2701,남은치킨
2702,유부주머니
2703,큐민가루
2704,고추장
2705,가쓰오부시
2706,블루베리잼
2707,쥬키니호박
2708,수취리떡
2709,"다시다우린물,"
2710,해삼채
2711,말린대추
2712,발사믹 소스
2713,인스턴트 커피
2714,스팸 작은것
2715,깐도라지
2716,돗나물
2717,잼
2718,큐브치즈
2719,생강가루 적당히
2720,샐러드 잎
2721,색소
2722,찹쌀가루 혹은 쌀가루
2723,아몬드 다진거
2724,밀가루
2725,쫄면사리
2726,잉글리쉬 머핀
2727,핫도그 빵
2728,삶은 우거지
2729,닭고기다시다
2730,마늘절편
2731,아몬드
2732,초콜릿
2733,요거트 / 사워크림
2734,바질 잎
2735,자색고구마
2736,코셔 소금
2737,카스텔라
2738,양념장간장
2739,달걀흰자
2740,밑간 양념 소금
2741,참소스
2742,소스 쯔유
2743,쫑쫑썬 대파
2744,스팸작은거
2745,브런치햄
2746,꼬치어묵
2747,다진 풋고추
2748,자투리 채소
2749,단호박 작은 사이즈
2750,다진 땅콩
2751,말린 곤드레
2752,소스물
2753,튀김용식용유
2754,크러쉬드 레드페퍼
2755,고기양념
2756,알프레도크림소스
2757,소고기 다짐육
2758,키위 드레싱
2759,나물
2760,명태알
2761,마라소스
2762,가루한천
2763,양지머리
2764,다포리
2765,파프리카
2766,햄버거 번
2767,김밥용햄
2768,냉동 소막창
2769,소주
2770,찹쌀떡
2771,마늘쫑
2772,또띠야
2773,도토리묵
2774,건무화과
2775,핫케익믹스
2776,다진 파 8 큰술
2777,젖은재료옥수수가루
2778,고기밑간 청주
2779,맛술이나 청주
2780,스테이크 소스 물
2781,청포도음료
2782,필수재료 마른미역
2783,양념소금
2784,훈제닭가슴살
2785,불고기감소고기
2786,"참기름,소금"
2787,반죽베이킹소다
2788,문어
2789,울금가루
2790,그래놀라 시리얼
2791,완두콩삶은것
2792,통마늘
2793,계란물
2794,삶은 감자
2795,초코시럽
2796,마늘 슬라이스
2797,양배추 얇게 썰은거
2798,빠네
2799,쑥갓대
2800,치커리
2801,치즈 불닭볶음면
2802,김밥 김
2803,튀김 재료
2804,편의점두부
2805,콩나물
2806,돼지불고기
2807,레몬주스
2808,시판토마토소스
2809,허브믹스
2810,건칼국수면
2811,청양 건고추 혹은 베트남 건고추
2812,마요네스
2813,고수
2814,3cm 두께의 등심
2815,타바스코
2816,쿠킹클래스 자세한 신청 정보는 신청하기를 클릭해주세요
2817,달걀 삶기용 물
2818,훌그레인 머스타드
2819,라이스 페이퍼
2820,춘권피
2821,건크랜베리
2822,포도주스
2823,아삭이 고추
2824,농축액
2825,"흑설탕,물,소금"
2826,캡사이신
2827,냉동손질관자
2828,토마토퓨레
2829,완숙 햇토마토
2830,콩 가루 2 큰술
2831,방풍나물
2832,술
2833,새싹채소
2834,육수양념
2835,그뤼에르치즈
2836,크림육수
2837,렐리쉬
2838,씻은 쌀
2839,소금간
2840,이탈리아 파슬리
2841,그린빈스
2842,피클링스파이스
2843,국수 마른것
2844,홀그레인 머스터드소스
2845,가루류 천일염
2846,강력분
2847,매실장아찌
2848,설탕 1.5 큰술
2849,곶감
2850,파르미자노 레자노 치즈가루
2851,머핀믹스
2852,올리브오일
2853,숭어회
2854,우유
2855,아보가토
2856,파르메산치즈
2857,팥빙수 떡
2858,어린 아루굴라 잎
2859,소불고기감
2860,매운소시지
2861,레토르트 사골육수
2862,건멸치 중간크기
2863,국물멸치
2864,누뗄라
2865,의성마늘 로스팜
2866,베이컨
2867,적겨자
2868,마늘 파우더
2869,판어묵
2870,샐러드용 채소
2871,멸치국물
2872,삶은 달걀
2873,상추
2874,스파게티 소스
2875,레드파프리카
2876,콕콕콕스파게티
2877,카스테라
2878,다진두부
2879,크렌베리쥬스
2880,깐양파
2881,어묵꼬치
2882,다진 햄
2883,에스프레소
2884,불고기
2885,야채크래커
2886,해송이버섯
2887,라즈베리청
2888,넙적닭다리
2889,시판 불고기양념
2890,고구마小
2891,손질어징어
2892,모짤렐라 치즈
2893,다크초콜릿
2894,베이컨 긴것
2895,비빔면
2896,넓은 파스타면
2897,"소금, 설탕, 식초, 참기름, 식용유"
2898,브로콜리 데친것
2899,양파 중간크기
2900,달걀 노른자
2901,어린새싹
2902,적&홍&노 파프리카
2903,마른재료밀가루
2904,도미 매운탕거리
2905,믹서기에 갈 재료 양파
2906,루토스 스프레드
2907,간생강
2908,국수 소면
2909,통밀빵
2910,피자도우
2911,아이스크림
2912,비엔나 소세지
2913,탈각새우
2914,감동란
2915,레몬잼
2916,다대기 양념 다진마늘
2917,쯔유간장
2918,칸쵸
2919,햇감자
2920,황금 돼지바
2921,박력분 30g
2922,우유나 생크림 종이컵
2923,스파이스 타이칠리누들
2924,김치볶음양파
2925,치즈필링
2926,감자 1개
2927,토마토소스
2928,선택재료 당근
2929,제철과일
2930,겨자분
2931,말린블루베리
2932,면수
2933,양송이버섯
2934,까나리액젓
2935,생수
2936,멸치 액젓
2937,쿠키
2938,양장피면
2939,아이스바
2940,현미국수
2941,고춧가루
2942,감태
2943,초콜릿칩
2944,팬케이크
2945,우 삼겹
2946,고운 설탕
2947,레드색소
2948,무절임양념 식초
2949,양념마요네즈
2950,양파와 케이퍼
2951,전분물
2952,고구마
2953,액젓
2954,한우양지
2955,계란노른자
2956,핫소스
2957,메이플시럽 또는 아가베시럽
2958,새우 중하
2959,다진생강
2960,페페로니햄
2961,깻잎
2962,스프링클
2963,데이츠 시럽
2964,버터크림소스
2965,떡볶이 떡
2966,오뎅
2967,소금
2968,마쉬멜로우
2969,새우튀김
2970,소세지
2971,선택로즈마리
2972,조미 김
2973,납작한 어묵
2974,카놀라유
2975,파프리카가루 혹은 고운 고춧가루
2976,레몬즙 또는 식초
2977,다진 돼지고기
2978,나초치즈소스 시판 치즈소스
2979,스파게티 혹은 딸리아딸레
2980,매콤양념장
2981,농축액재료
2982,레토르트 짜장
2983,옐로
2984,가츠오부시
2985,파프리카 레드
2986,비비빅아이스크림
2987,반죽재료
2988,피쉬소스
2989,고운고춧가루
2990,소고기볶음고추장
2991,참이슬
2992,식용 색소
2993,립
2994,모짜렐라 치즈
2995,죽순 통조림
2996,돼지족발 뼈
2997,칠리소세지
2998,시판 발사믹 드레싱
2999,생연어
3000,헤이즐넛
3001,블랙 올리브
3002,치킨 무
3003,쿠스쿠스
3004,햄프씨드
3005,현미쌀
3006,블루베리콩포트
3007,포도씨유
3008,스파클링 와인
3009,닭 가슴살 통조림
3010,판 어묵
3011,치즈피자
3012,양파즙
3013,드레싱 꿀
3014,라자냐면
3015,제과용밀가루
3016,시판 메밀국수
3017,그린 파프리카
3018,쇠고기육수
3019,건고추
3020,라즈베리 잼
3021,아침 고등어
3022,새우중하
3023,버섯
3024,가루설탕
3025,민트
3026,미트소스
3027,테라오카 계란간장
3028,우지
3029,슬라이스 치즈 1장
3030,천연 다시다
3031,후추크림치즈 크림치즈
3032,참치마요면
3033,페퍼로니
3034,뜨거운 밥
3035,조청 혹은 물엿 5 큰술
3036,참치마요삼각김밥
3037,돼지껍데기 400g
3038,미국산 베이컨
3039,손질냉동주꾸미
3040,드레싱 오미자청
3041,레드 칠리 연어 통조림
3042,살라미
3043,통모자렐라
3044,맥앤치즈
3045,그라나파다노 치즈
3046,까망베르
3047,멥쌀 혹은 찹쌀
3048,햄버거재료
3049,양념간장
3050,액젓이나 국간장
3051,양념 청국장
3052,"쌈밥재료 양배추, 케일, 쌈채소"
3053,디저트와인
3054,반죽물
3055,후레쉬모짜렐라치즈
3056,송이버섯
3057,다시다
3058,소갈비양념
3059,육즙가득 백짬뽕 군만두
3060,양념 마요네즈
3061,채썬 적양배추
3062,흙애서 병아리콩
3063,메추리알
3064,오이고추
3065,라임
3066,트러플오일
3067,위스키
3068,시판 냉면육수
3069,커피믹스
3070,삼겹살이나 목살
3071,다시멸치
3072,핫도그빵
3073,햄버거/핫도그용빵
3074,파프리카 혹은 피망
3075,발사빅식초
3076,토르티야
3077,따뜻한 생크림
3078,다진 파프리카
3079,우동사리면
3080,구기자물
3081,대파파란부분
3082,밥이랑 버터
3083,계피가루
3084,남은 후라이드 치킨
3085,닭 다리 정육
3086,단팥
3087,단단한 두부
3088,통조림파인애플
3089,플레인요거트
3090,시리얼
3091,마늘다진것
3092,목전지살
3093,무지방우유
3094,아스파라거스
3095,감자중
3096,마차가루
3097,양념토마토케찹
3098,마시멜로우
3099,통조림옥수수
3100,카레
3101,부리또
3102,브로콜리
3103,조개관자
3104,시솔트
3105,가래떡
3106,즉석밥
3107,깐 새우
3108,머스타스소스
3109,아몬드분태
3110,닭다리 혹은 허벅지살
3111,멸치볶음 잔멸치
3112,다진 쇠고기
3113,소주 또는 청주
3114,김치
3115,이스트
3116,남은 고추장 멸치 볶음
3117,허니요거트
3118,페페로치노
3119,에그팬
3120,발사믹드레싱
3121,하이라이스
3122,씨겨자
3123,선택재료 청고추
3124,크루아상
3125,주황파프리카
3126,고춧가루:간장:매실액:고추장:물엿
3127,돈가스 소스
3128,양송이 8개
3129,전분
3130,주꾸미
3131,귤
3132,국거리용 소고기
3133,귀리
3134,통조림 팥
3135,중면
3136,허브 솔트
3137,찌개두부
3138,양파 작은 것
3139,콘프라이트
3140,딸기잼 혹은 크림치즈
3141,홀그레인
3142,애간장
3143,오레오오즈
3144,핫쵸코가루
3145,자른 김
3146,웨지감자
3147,국화빵통팥
3148,대망의 라면스프
3149,맛술
3150,젤라틴
3151,레몬다진것
3152,포도잼
3153,다진돼지고기
3154,각종채소
3155,피클
3156,카옌페퍼 혹은 매운 고춧가루
3157,마른대추
3158,오렌지즙
3159,제육찌그래기
3160,갈매기살
3161,고르곤졸라 치즈
3162,베이크드빈
3163,케이준파우더 혹은 고운 고춧가루 1 큰술
3164,현미가루
3165,우렁이살
3166,중간 크기의 감자
3167,물엿 또는 아가베시럽
3168,선택재료 홍고추
3169,핫케익가루
3170,어린잎채소
3171,파파쿡 코다리 물냉면
3172,삼계탕육수재료
3173,칠리크랩면
3174,불린 표고버섯
3175,후르츠 칵테일
3176,레모나
3177,캔 골뱅이 작은 것
3178,고두밥
3179,인스턴트커피
3180,달걀+우유
3181,나박썬무
3182,야채만두
3183,불고기양념 간장
3184,탈각새우 26-30
3185,돈까스소스
3186,면 반죽
3187,마요네즈 2 큰술
3188,말차가루
3189,검은깨
3190,글레이즈드도넛
3191,후리카게
3192,어린채소
3193,숏파스타
3194,대파 흰부분
3195,바지락살
3196,골뱅이캔
3197,토르틸라
3198,파스타 면
3199,건포도
3200,미소
3201,오미자액 또는 매실액
3202,데친 어묵
3203,크레이프반죽
3204,"부추,미나리"
3205,석류주스
3206,솔방울갑오징어 60-80
3207,랍스타
3208,슬라이스치즈
3209,냉면육수
3210,세척용 굵은 소금
3211,돼지고기 안심
3212,채썬 당근
3213,밤
3214,옥수수가루
3215,보리차
3216,피자치즈 두줌
3217,홀그레인 머스타드
3218,햅쌀
3219,피자
3220,흙애서 치아씨드
3221,큰멸치
3222,고기밑간
3223,버섯크림소스
3224,토마토살사소스 시판살사소스
3225,밥이랑
3226,땅콩버터
3227,떡볶이소스 간장
3228,김말이튀김
3229,쿠키 버터 스프레드
3230,통후추 간 것
3231,뻥튀기
3232,커피
3233,분당
3234,젤리
3235,"우유,생크림"
3236,무즙
3237,즉석 어묵탕
3238,별난바톡톡
3239,GS 위대한 버거
3240,버터식빵
3241,조림장
3242,약고추장
3243,프리쿡 옥수수
3244,얇은 우삼겹
3245,핫마요네즈 소스
3246,차이브
3247,설탕
3248,양파 1개
3249,프릭키누 칠리
3250,모짜렐라치즈
3251,바닐라 크림
3252,할라피뇨 혹은 청량고추
3253,무뼈닭발
3254,우스터
3255,바나나킥
3256,닭봉
3257,빙수 떡
3258,무
3259,천도복숭아 중간크기
3260,닭고기
3261,건땡초
3262,애기송이버섯
3263,불린고춧가루
3264,황설탈
3265,양송이
3266,시판 초콜릿
3267,스위트콘 국물
3268,돼지등뼈육수
3269,청 피망
3270,다시포
3271,링귀니
3272,미니 마쉬멜로우
3273,갓김치 1패키지
3274,잡내 제거용 재료
3275,소주나 청주
3276,남은잡채
3277,로즈마리잎
3278,다진참깨
3279,양파껍질
3280,떡
3281,스테이크소스
3282,바륵목장 소프트요거트
3283,돼지고기수육
3284,닭고기 육수
3285,투게더
3286,돈가스소스 2큰술
3287,페퍼로니햄
3288,냉장고에 있는 자투리채소
3289,견과류
3290,마른재료베이킹파우더
3291,마카로니
3292,국거리용소고기
3293,롤라로사
3294,자이로과당
3295,우유식빵
3296,남은젓갈양념
3297,코로나
3298,초코머핀
3299,가염버터
3300,시럽
3301,라베스트민트초코콘
3302,허브맛솔트
3303,슬리이스햄
3304,우스터 소스
3305,냉동건조과일
3306,양지
3307,만두용 두부
3308,김장김치
3309,"고춧가루,고추기름"
3310,쾌변
3311,슬라이스 아몬드
3312,씨솔트
3313,취나물
3314,달걀 물 달걀
3315,소고기다짐육
3316,피자치즈 약간
3317,꼬지
3318,딸기쨈
3319,비빔장 간장
3320,노랑파프리카
3321,드라이 이스트
3322,쟌슨빌 소세지
3323,계란 1개
3324,미니단호박
3325,말린 과일칩
3326,대파잎
3327,쪽파 파란 부분
3328,생골뱅이
3329,무가당 코코아파우더
3330,어린잎 샐러드
3331,선택재료 토마토케찹
3332,셀라 프리미엄 4단 식품건조기
3333,초콜렛 커버춰
3334,타르트지 비스킷
3335,조각 파인애플
3336,야키소바면
3337,반으로 자른 자몽
3338,제육볶음양념
3339,쵸콜렛아이스크림
3340,고운 고춧가루
3341,오레가노말린것
3342,홍두께
3343,감자 小
3344,춘장가루
3345,반건조 오징어
3346,양파 큰 것
3347,필수재료 스팸
3348,풋마늘
3349,레몬슬라이스
3350,베이킹소다
3351,드라이 오레가노
3352,리코타치즈
3353,m&m
3354,냉동족발
3355,크린베리
3356,체다슬라이스
3357,달래장 달래
3358,시판 감자수제비
3359,레드페퍼
3360,종이호일
3361,"소금, 후춧가루"
3362,우스타 소스
3363,건망고
3364,찬맥주
3365,맥앤치즈 재료
3366,올리고다
3367,조랭이 떡
3368,프랑크소시지
3369,쪽파송송썬것
3370,매운소세지
3371,청홍고추
3372,떡국용떡
3373,정수물
3374,설탕+올리고당
3375,"양파, 파프리카"
3376,샤브샤브 간장
3377,미니 갑오징어
3378,우스터소스
3379,가나슈
3380,무화과
3381,피클다진거
3382,다진마늘  참기름 약간
3383,호밀식빵
3384,고형 치킨스톡
3385,밀크초콜릿
3386,드라이 레드와인
3387,버거패티
3388,곤약
3389,식빵
3390,흰자
3391,멸치액젓
3392,슈레드 피자치즈
3393,코코넛 설탕
3394,편의점떡볶이
3395,분짜육수
3396,돼지고기다짐육
3397,베이킹 소다
3398,카카오파우더
3399,검은콩 삶은 물
3400,김밥용 김
3401,시나몬스틱
3402,깨소금
3403,피자반죽
3404,김자반
3405,장식
3406,말린바질가루
3407,갈릭크림소스
3408,스모크파프리카파우더
3409,소금 약간
3410,시판 우동
3411,벌집삼겹살
3412,데코용 스프링클
3413,코코넛밀
3414,불린 시래기
3415,늙은호박
3416,복분자
3417,장충동 고기순대
3418,올리브
3419,전 루를 만들어써서 우유한컵에 밀가루한큰술 버터한큰술을 넣었어요
3420,노란 파프리카
3421,말린바질
3422,돼지고기 등심 혹은 안심
3423,루
3424,다진할라피뇨
3425,홍피만
3426,영계
3427,강정시럽
3428,샐러드야채
3429,크림수프
3430,햄버거빵
3431,사라다빵
3432,샤브용소고기슬라이스
3433,다진청양고추
3434,육수멸치
3435,컨크렌베리
3436,양배추 채썬것
3437,체리 에센스
3438,오곡
3439,아몬드가루
3440,치아바다빵
3441,다이제
3442,안심
3443,데리야키 소스
3444,베이컨 5줄
3445,비엔나
3446,후지사과
3447,그릭 요거트
3448,꿀 or 아가베시럽
3449,양파 양념장 간장
3450,둥근김밥
3451,햄 아무거나
3452,설탕 시럽 설탕
3453,컵라면
3454,치킨텐더
3455,쌀조청
3456,백오이
3457,깻 잎
3458,선택재료 파인애플
3459,국수양념간장
3460,겨자 1 큰술
3461,삶은문어
3462,화이트 쉘 초콜릿
3463,초간장 간장
3464,소고기육수
3465,다진마늘오일
3466,물
3467,빵
3468,풋호박
3469,치킨가루
3470,핵불닭볶음면소스
3471,레몬즙 3 큰술
3472,파인애플즙
3473,토마토홀 통조림
3474,페투치니 혹은 딸리아딸레
3475,떡국떡
3476,단단한두부
3477,레모나비타민
3478,양념류 버터
3479,통조림복숭아
3480,돌나물
3481,찹쌀풀
3482,날치아
3483,새우살
3484,간장무절임
3485,과메기
3486,삶은달걀
3487,포카칩
3488,쭈꾸미
3489,흑임자
3490,단무지
3491,스파게티 토마토 소스
3492,막걸리
3493,포춘슬립
3494,빠다코코낫
3495,닭 가슴살
3496,저염 치즈
3497,냉면양념장
3498,마른재료귀리
3499,다크 커버쳐 쵸콜릿
3500,모닝빵
3501,바닐라 푸딩 믹스
3502,생 닭
3503,오코노미야끼소스
3504,닭가슴살 혹은 닭 정육
3505,청양고추 다진 것
3506,생어거스틴 볶음밥
3507,방울 토마토
3508,페투치네
3509,햄버거 패티
3510,초콜릿 치즈
3511,생닭
3512,페페론치노
3513,소고기 우둔살
3514,다크커버초콜릿
3515,대파뿌리
3516,휘핑용 생크림
3517,고추가루
3518,새송이
3519,선택재료 베이컨
3520,콘푸로스트
3521,청*홍*적*오 피망
3522,머쉬멜로
3523,라임 제스터
3524,조미김
3525,돼지고기간것
3526,샬롯
3527,육수재료 물
3528,수제비
3529,실곤약
3530,우민찌
3531,돼지고기 앞다릿살
3532,어묵작은거
3533,목살
3534,프레첼과자
3535,그래뉴당
3536,라면용 모짜렐라치즈
3537,핵불닭볶음면
3538,다크 초콜릿
3539,쪽파뿌리
3540,감자만두
3541,밤조림
3542,빙수팥
3543,생새우살
3544,액상치킨스탁
3545,각종허브
3546,말린 생강
3547,치즈슬라이스
3548,콩가루
3549,밀떡
3550,크렌베리잼
3551,자투리채소
3552,오레오쿠키
3553,슬라이스된마늘
3554,토핑재료
3555,대패 목심 또는 삼겹
3556,청피망 개
3557,사우전아일랜드드레싱
3558,파슬리가루
3559,햇반
3560,닭날개
3561,양배추잎
3562,불골뱅이
3563,육수 재료
3564,멸치육수팩
3565,꿀 혹은 시럽
3566,모밀쯔유
3567,마쉬맬로우
3568,오트밀 바게트
3569,소불고기양념
3570,소금 후춧가루
3571,홍어회
3572,청오이
3573,피스타치오
3574,핫케이크믹스
3575,과일소스
3576,홍삼액
3577,고르곤졸라치즈
3578,미지근한물
3579,숙주
3580,오꼬노미야끼 소스 혹은 돈가쓰 소스
3581,어린콩
3582,판젤라틴
3583,인스턴트 스파게티
3584,다진마늘
3585,레몬즙 1 큰술
3586,케이준 파우더
3587,냉동 딸기
3588,돼지고기갈은거
3589,피자치즈 300g
3590,검은콩
3591,식물성기름
3592,주키니
3593,치킨 너겟
3594,키스틱 체다치즈
3595,앙금
3596,조랭이떡
3597,양파소
3598,레드와인비네가
3599,야채육수
3600,고추냉이
3601,매밀국수
3602,튀김 가루
3603,상추 간
3604,흙애서 백미
3605,연어통조림
3606,감자 삶은것
3607,망고주스
3608,쫑쫑 썬 쪽파
3609,허브
3610,나쵸치즈소스
3611,갈릭치즈피자다진마늘
3612,하이라이스가루
3613,맵쌀
3614,과일 통조림
3615,얇은 삼겹살
3616,장어
3617,참두릅
3618,면 삶을 물
3619,미나리
3620,소고기 스테이크용
3621,카스테라빵
3622,우유 혹은 생크림
3623,통조림 옥수수
3624,뿌셔뿌셔 또는 라면사리
3625,생땅콩
3626,시나몬파우더
3627,가나초콜릿
3628,양파 간 것
3629,참기름 약간
3630,계란 4개
3631,돈까스 소스
3632,비트
3633,설탕 혹은 꿀이나 올리고당
3634,초코정크
3635,커리난믹스
3636,배추1통
3637,해쉬브라운
3638,콜라비
3639,참깨소스
3640,삶은감자
3641,버터밀크
3642,키스틱크림치즈롤
3643,모둠전
3644,마른재료통밀가루
3645,초코과자
3646,다진 파슬리
3647,다시마육수
3648,국수
3649,양파小
3650,비빔양념장 고추장
3651,케첩 1 큰술
3652,소스 다진마늘
3653,채썬 양배추
3654,마른매생이
3655,무피클
3656,글레이즈
3657,아몬드슬라이스
3658,CU 자이언트 빨간순대
3659,m&m초콜릿
3660,파우더 슈가
3661,밀폐용기
3662,GMF 비빔밥 만두
3663,바닐라오일
3664,넛맥
3665,캐러멜 시럽
3666,건고추 플레이크
3667,국간장 1 큰술
3668,참깨브리오쉬
3669,냉동곱창 혹은 막창
3670,대패삼겹살
3671,터키햄
3672,양념 간장
3673,쥐포
3674,알감자
3675,삶은고사리
3676,묵
3677,감자수제비
3678,블루 색소
3679,돼지갈비
3680,매콤 양념 간장
3681,떡볶이 소스
3682,콘샐러드옥수수통조림
3683,웰튼 스카이 블루 색소
3684,쇠고기 불고기용
3685,더블크림
3686,올갱이 삶은 물
3687,소보로빵
3688,페퍼로니피자
3689,동치미국물
3690,제빵개량제
3691,시판 가쓰오부시 우동
3692,홍초
3693,미더덕
3694,쌀가루
3695,스파게티 면
3696,생강초절임
3697,케챱
3698,초절임주스 물
3699,쌈장참치
3700,바닐라 액
3701,와사비 또는 겨자
3702,중화면
3703,츄파춥스
3704,미트볼
3705,닭가슴살
3706,카펠리니면
3707,콩기름
3708,메이플시럽
3709,밥 적당량
3710,등갈비양념
3711,빙수용조림팥
3712,누룽지소스
3713,팥양갱
3714,돼지삼겹살
3715,"고구마, 감자, 양파, 당근, 버섯, 파프리카, 브로콜리"
3716,꿀or설탕
3717,명엽채
3718,팬케이크 믹스
3719,고구마필링 고구마무스
3720,라즈베리
3721,청경채
3722,미니새송이
3723,단호박가루
3724,소 안심
3725,각종 토핑
3726,방울양배추
3727,페스토 스프레드
3728,나쵸
3729,레몬 제스트
3730,밤고구마
3731,냉장 순대
3732,화이트 와인 혹은 보드카 혹은 소주 4
3733,청양고추
3734,계피
3735,샐러드잎채소
3736,사리곰탕라면스프
3737,계핏가루
3738,마늘오일 다진마늘
3739,고형 카레
3740,소고기 우둔살이나 홍두깨살
3741,파르마지아노
3742,구운아몬드
3743,패티 양념 다진 양파
3744,사골곰탕육수
3745,홍피망
3746,무청
3747,칠리소스
3748,발사믹
3749,연두
3750,들깨 가루 3 큰술
3751,팥고물
3752,저염된장
3753,케이준 파우더 혹은 타코 시즈닝 믹스
3754,달걀후라이
3755,유혜광생돈까스
3756,냉동참치
3757,간짬뽕 라면
3758,물김치
3759,볶음너구리
3760,꼬마당근
3761,불고깃감 소고기
3762,우스터 양념
3763,수제비 반죽
3764,양념 참기름
3765,에스프레소 파우더
3766,동태살
3767,간장장아찌
3768,녹차가루
3769,방픙나물
3770,블로콜리&컬리플라워
3771,크런치 초콜릿
3772,대파 뿌리
3773,크런키 초콜렛
3774,쫑쫑썬 파
3775,훈제 파프리카 가루
3776,매운고춧가루
3777,까르보나라소스
3778,타바스코 소스
3779,오이작은거
3780,밀가루or부침가루
3781,고등어통조림
3782,피클링 스파이스
3783,초코소스
3784,파프리카색깔별로
3785,럼주
3786,매실
3787,깐새우
3788,레몬과육
3789,휘핑된 생크림
3790,빵가루 3 큰술
3791,바질
3792,"후추, 소금"
3793,김치다진거
3794,육수
3795,재래된장
3796,완도 꼬마전복
3797,소금 1 큰술
3798,고구마전분
3799,소스 토마토
3800,흙애서 적두
3801,찹쌀가루
3802,홀스래디쉬 소스
3803,"다진마늘, 다진생강"
3804,건 크랜베리
3805,사워크림
3806,슬라이스아몬드
3807,멸치 다시마 육수
3808,통유부
3809,샌드위치 햄
3810,땅콩소스
3811,슬라이스 치즈
3812,팥빙수떡떡
3813,파무침
3814,델큐브 치즈
3815,다크커버처초콜릿
3816,청양고춧가루
3817,잡채라면
3818,다진 소고기 혹은 돼지고기
3819,쯔유 혹은 간장
3820,소시지야채볶음소시지
3821,데리야끼소스 간장
3822,건표고버섯
3823,와사마요볶음면
3824,잡곡밥
3825,리코타 치즈
3826,사과 2배 식초
3827,"남은동그랑땡,남은전"
3828,절임물 오미자액
3829,가래떡 또는 떡볶이떡
3830,스파게티라면
3831,오뚜기 짜장가루
3832,밴댕이
3833,큐민분말
3834,푸질리
3835,팽이 버섯
3836,생강가루 혹은 즙 약간
3837,허브 소금
3838,베이킹 파우더
3839,명란
3840,요거트
3841,클로브
3842,칠리가루
3843,메밀국수
3844,달걀지단 달걀
3845,맛술 2 큰술
3846,슬라이스블랙올리브
3847,중력밀가루
3848,베이컨 또는 햄
3849,거봉
3850,핫케이크가루
3851,소시지
3852,마요네즈+홀스레디쉬+꿀
3853,브라우니
3854,배추
3855,참치 1캔
3856,오리엔탈드레싱
3857,양조간장
3858,칠리
3859,모시조개
3860,함박스테이크
3861,돌나물한줌
3862,버크셔K 떡갈비
3863,구운김
3864,편의점에 파는 라면용 피자치즈
3865,다시다요리수치킨스톡
3866,코코넛오일
3867,토마토주스
3868,냉동블루베리
3869,닭안심살
3870,크림스프
3871,"간장,설탕,다진마늘,매실액기스,참기름,물엿,"
3872,돼지고기 간것
3873,크랜베리
3874,코코넛비네가
3875,허니머스터즈
3876,치킨무
3877,갈은 사과
3878,바비큐 소스
3879,커버쳐 초콜릿
3880,자숙새우
3881,소고기 부채살
3882,얇게 썬 생강
3883,국산팥
3884,불린 미역
3885,후리카케
3886,청상추
3887,쭈꾸뿅 쭈꾸미
3888,미니돈까스
3889,마파두부 소스
3890,배합초 식초
3891,오리훈제
3892,마른김
3893,선택재료 쑥갓
3894,마른미역
3895,돼지등뼈
3896,육회재료
3897,채끝살
3898,더덕
3899,데침용소금
3900,간장소스 물
3901,민물가재
3902,파슬리 혹은 파슬리 가루
3903,코코넛 플레이크
3904,파스타면
3905,우유+생크림
3906,지리멸치
3907,잉글리쉬머스타드
3908,쪽파 약간
3909,노란피망
3910,청양 고춧가루
3911,백만송이버섯
3912,야채
3913,당면 약간
3914,초계육수 냉면육수
3915,양양떡볶이
3916,사각어묵
3917,채썬 대파
3918,조개류
3919,오렌지주스
3920,워터크래스
3921,불린쌀국수
3922,멸치다시백
3923,팽이버섯
3924,우삼겹
3925,통깨 약간
3926,멸치다시마 육수
3927,치즈스틱
3928,다짐육
3929,꼬들밥
3930,바닐라빈
3931,돼지고기 뒷다리
3932,양념 양파
3933,연어슬라이스
3934,병어
3935,봄동
3936,조개
3937,계란 흰자
3938,프레첼
3939,다진목살
3940,피클 슬라이스
3941,말린 도라지
3942,베이글
3943,간짬뽕
3944,2우유
3945,케이크시럽
3946,돼지고기뒷다리살
3947,데리야끼소스 양념
3948,"소금,후추"
3949,호떡잼믹스
3950,엑스트라 버진 올리브오일
3951,초코맛아이스크림콘
3952,다진 생강
3953,꿍팟봉커리
3954,브로콜리 및 콜리플라워
3955,3분 미트볼
3956,노란 피망
3957,알
3958,건조과일
3959,비빔장
3960,머스터드
3961,느타리
3962,초코펜
3963,묵은김치
3964,돼지불고기목살
3965,모듬샐러드채소
3966,바른씨 생연어
3967,시트러스 과일
3968,갈릭파우더 3 큰술
3969,차돌박이 밑간
3970,순대내장
3971,브레드
3972,쌀국수면
3973,페다치즈
3974,엄나무
3975,작은 호박
3976,멸치볶음
3977,양념 황설탕
3978,코코넛 오일
3979,선택재료 청양고추
3980,미역
3981,매실액 1 큰술
3982,식용색소
3983,소금 1 꼬집
3984,돼지고기 국거리
3985,야채후레이크
3986,귤청
3987,치커리or양상추
3988,파스퇴르 우유
3989,간돼지고기
3990,디종 머스터드
3991,레드와인
3992,사천 짜파게티
3993,유자청
3994,오모리김치찌개 컵라면
3995,연유 1 큰술
3996,말린표고버섯
3997,오일
3998,참기름과 후레이크
3999,들깨
4000,날콩가루
4001,닭갈비 소스
4002,포도
4003,부순
4004,달고기 포
4005,다시마 큰크기
4006,카레가루 혹은 카레큐브
4007,규카츠소스 우스타소스
4008,데코용 딸기
4009,떡볶이컵
4010,물한컵반
4011,떡국
4012,밀폐유리용기 1L용량
4013,콩
4014,된장 1 큰술
4015,쓰리라차 소스
4016,오미자원액
4017,굵은 소금
4018,팥빙수용 팥
4019,인스턴트 카레
4020,누텔라
4021,밑간
4022,농축치킨스톡
4023,호두
4024,삶은계란
4025,낙지젓
4026,다크커버춰
4027,양념장 물
4028,흰살 생선
4029,계피분말
4030,로투스
4031,불닭양념 참기름
4032,바지락육수
4033,핫식스
4034,갈비천왕 치킨
4035,올라고당
4036,국거리소고기
4037,레토르트 사골
4038,빙수용 팥
4039,스파게티소스
4040,투게더아이스크림
4041,매운 고추장
4042,반숙란
4043,하이라이스 고형분
4044,된장
4045,칵테일새우
4046,선택재료 계피가루
4047,스파이시 소스 하인즈 칠리소스
4048,샐러드모듬채소
4049,화이트 와인
4050,총각김치
4051,바닐라 아이스크림
4052,얼음
4053,옥수수 전분가루
4054,팔도짜장면
4055,갈은 소고기
4056,파우더 설탕
4057,빙수
4058,닭
4059,토마토 1개
4060,피자치즈
4061,코코아 파우더
4062,삶는 물
4063,나초치즈
4064,다진생각
4065,샤브샤브용고기
4066,양송이슬라이스
4067,양갱
4068,시판 라면
4069,나쵸칩
4070,간소고기
4071,"땅콩 볶은것, 아몬드, 건포도"
4072,고추장 등 양념장
4073,케찹
4074,육회용 소고기
4075,육수용재료
4076,통조림파인애플국물
4077,카레블록
4078,팬네
4079,맥주
4080,녹말
4081,국수양념통깨
4082,밀가루 강력분
4083,버거번
4084,통새우
4085,나초
4086,타이칠리페이스트
4087,고운면보
4088,큰 소세지
4089,아마씨
4090,닭가슴살통조림
4091,폰티나치즈
4092,돼지불고기감
4093,죽순홀
4094,로즈마리 잎
4095,물 1 컵
4096,뽀르게타 햄
4097,다진 돼지고기 혹은 소고기
4098,빨강색소
4099,샐러드드레싱 또는 발사믹크림
4100,건빵
4101,믹스야채
4102,아보카도
4103,피시소스
4104,소바누들
4105,녹인버터
4106,레드 와인 비니거
4107,돼지고기간거또는 잡채용
4108,멸치육수 다시마
4109,냉채양념 식초
4110,돼지앞다리살
4111,시나몬 가루
4112,우스타 소스 2 큰술
4113,생참치
4114,블랙커피믹스
4115,흙애서 녹두
4116,붉은양배추
4117,엔쵸비
4118,마른표고
4119,불고기용소고기
4120,셀러리
4121,시판데리야키소스
4122,과일쥬스
4123,오렌지 맛 술
4124,불고기용 소고기
4125,냉동 새우
4126,옥수수 알갱이
4127,돼지고기2줌
4128,튀김용 기름
4129,방앗간떡
4130,딸기맛우유
4131,엠엔엠 쵸콜릿
4132,마차파우더
4133,로제스파게티소스
4134,새송이버섯
4135,감귤
4136,마른재료황설탕
4137,까망베르치즈
4138,단호박 퓨레
4139,토마토 페이스트
4140,키위 슬라이스
4141,뜨거운
4142,양념식초
4143,군만두
4144,새끼전복
4145,부순 참깨
4146,핫베이크가루
4147,블랙타이거새우
4148,시판즉석떡볶이
4149,해물 다시팩 육수
4150,사골 육수
4151,빨강 색소
4152,생 모짜렐라 치즈
4153,치킨튀김가루
4154,말린고추
4155,들기름
4156,찜용 소갈비
4157,반세오 쌀가루
4158,흰떡
4159,계란후라이
4160,손두부
4161,스팸
4162,육수재료 멸치
4163,기타 견과류
4164,카이엔 페퍼
4165,커피가루
4166,통밀가루
4167,소금/다시다/후추
4168,오징어작은거
4169,코울슬로 소스
4170,통베이컨
4171,시금치
4172,치킨너겟
4173,모차렐라 치즈
4174,닭안심
4175,작은감자
4176,갈은돼지
4177,​고구마
4178,캔토마토
4179,김칫국물
4180,손질갑오징어
4181,깍두기
4182,쥬키니
4183,고기다진것
4184,셀러리 새싹
4185,요구르트 드레싱
4186,불고기 소스 또는 돈가스 소스
4187,라면 2개
4188,선택재료 다진견과류
4189,오리엔탈드레싱소스
4190,오렌지리큐르
4191,페이스트리
4192,오징어 반건조
4193,파스닙
4194,진미채
4195,볶음김치
4196,에일맥주
4197,육수재료
4198,치타가 뛰어다니는 과자
4199,단호박 으깬것
4200,화이트 코팅 초콜릿
4201,삶은당면
4202,반죽재료 고추장
4203,황색설탕
4204,청경채잎
4205,이 외 취향에 맞는 과일
4206,또르띠아
4207,치아씨드
4208,잣 말린것
4209,동원 불골뱅이 바로무침용
4210,에멘탈치즈
4211,카라멜
4212,설탕 3 큰술
