id,ingredient
0,강력분
1,물
2,파마산치즈
3,올리브유
4,설탕
5,이스트
6,소금
7,다진마늘
8,파슬리가루
9,덧밀가루
10,뜨거운물
11,찬물
12,쇠고기
13,다진 양파
14,달걀
15,밥 (혹은 빵가루)
16,우유
17,넛맥
18,버터
19,파슬리
20,홍합
21,청주
22,코리엔더
23,레몬그라스
24,파
25,마늘
26,코코넛 밀크
27,피쉬소스 (혹은 까나리 액젓)
28,라임 (혹은 레몬)
29,프릭키누 칠리 (혹은 매운 청양고추)
30,땅콩기름 (혹은 식용유)
31,둘레 20cm 정도의 크러스티한 빵
32,양가지
33,적파프리카
34,주키니호박
35,아티초크 절임
36,모짜렐라
37,슬라이스햄
38,로켓 (혹은 샐러드용 야채)
39,올리브 오일
40,페스토 스프레드
41,바질 (잎사귀)
42,잣
43,레몬즙
44,파마산치즈 (곱게 갈은 것)
45,오리고기 (가슴살)
46,오이
47,대파
48,해선장소스
49,팬 케이크
50,표고
51,참송이
52,팽이버섯
53,유부 (혹은 두부)
54,배추
55,곤약
56,우엉
57,맛술
58,간장
59,바질
60,올리브오일
61,양파
62,딜
63,식초
64,오렌지
65,굵은 소금
66,토마토
67,다진 마늘
68,홍고추
69,바질잎
70,오레가노말린것
71,닭고기
72,깻잎
73,겨자
74,당근
75,양배추
76,피망
77,돼지고기 등심
78,녹말가루
79,달걀 흰자
80,두반장
81,블랙빈 소스
82,마요네즈
83,찹쌀가루
84,달걀흰자
85,새우
86,샐러드유
87,와사비
88,감자전분
89,게살 (혹은 게맛살)
90,계란
91,브로콜리
92,닭육수
93,옥수수 전분
94,생강
95,갈은 생강
96,후추
97,연두부
98,돼지삼겹살
99,땅콩기름
100,칠리파우더
101,백설탕
102,진간장
103,녹말물
104,사천후추 (혹은 산초가루)
105,감자
106,소고기 (슬라이스)
107,건다시마
108,가다랭이포
109,파스타
110,캔참치
111,빵가루
112,캠벨 크림버섯스프  (혹은 인스턴트 크림버섯수프)
113,셀러리
114,레드 파프리카
115,그린 파프리카
116,다진 파슬리
117,체다치즈 (갈은것)
118,통삼겹
119,로즈마리
120,천연소금
121,칠리파우더 (혹은 카옌페퍼)
122,사과
123,파스닙
124,또띠아
125,아보카도
126,파프리카
127,살라미
128,사워크림
129,생크림 (혹은 우유  혹은 버터)
130,닭가슴살
131,메추리알
132,베이컨
133,로메인상추
134,계란노른자
135,머스터드소스
136,엔초비
137,달걀 삶은 것
138,허브
139,레드 와인 비니거 (혹은 사과 식초)
140,홀그레인 머스타드
141,쪽파
142,스파게티면
143,냉이
144,아몬드
145,피스타치오
146,바지락
147,생땅콩
148,커리파우더
149,칠리 파우더
150,캔토마토
151,피넛 버터
152,꿀
153,닭넙적다리
154,배추김치
155,생강 (슬라이스)
156,멸치국물
157,사골국물
158,김치국물
159,드라이 이스트
160,포토벨로 버섯
161,뽀르게타 햄
162,바질 페스토
163,모짜렐라 치즈
164,우유 (혹은 우유 500ml+생크림 200ml)
165,물강활
166,판 젤라틴
167,딸기 (혹은 블루베리 혹은 라즈베리)
168,민트잎
169,아이싱 슈가
170,쌀
171,토마토 소스
172,링오징어
173,관자살
174,백합
175,새우살
176,꽃게
177,화이트 와인
178,강황가루
179,모짜렐라치즈
180,미나리
181,쌀국수면
182,차돌박이
183,숙주나물
184,건멸치 큰것
185,표고버섯 말린것
186,떡볶이떡
187,판어묵
188,날치알
189,치즈
190,고추장
191,고춧가루
192,조미료
193,소면
194,갓김치
195,매실청
196,들기름
197,달걀 삶기용 물
198,캔옥수수
199,가지
200,핫소스
201,등갈비
202,표고버섯
203,새알감자
204,무
205,홍삼액
206,물한컵반
207,올리고당
208,돼지등뼈
209,삼겹살
210,라면사리
211,다시마
212,커피가루
213,고구마
214,메이플시럽
215,식용유
216,돼지목살
217,아스파라거스
218,체다치즈 (슬라이스)
219,레드와인
220,냉동블루베리
221,스테이크 소스
222,굴소스
223,식빵
224,허니 파우더
225,계피분말
226,아몬드 (슬라이스)
227,슈가파우더
228,돼지안심
229,청피망
230,홍피망
231,주황파프리카
232,죽순 통조림
233,고추기름
234,참기름
235,꽃빵
236,갈치
237,조선무
238,청양고추
239,고추가루
240,액젓
241,두부
242,모시조개
243,애호박
244,느타리버섯
245,새우젓
246,메밀국수 건면
247,열무김치
248,새싹
249,참깨
250,밀가루
251,막걸리
252,냉동딸기
253,붉은팥
254,조청
255,영계
256,칼국수면
257,당귀
258,엄나무
259,부추
260,대구
261,대구곤이
262,콩나물
263,화이트와인
264,닭다리살
265,통마늘
266,허브 소금
267,소면 마른것
268,골뱅이통조림
269,노란파프리카
270,묵은지
271,효소액
272,피쉬스틱
273,체다치즈
274,바질가루
275,중간 크기의 감자
276,꽈리고추
277,집간장
278,물엿
279,생크림 (무가당)
280,치킨
281,고추
282,치즈샌드크래커
283,옥수수통조림
284,야끼소바
285,사우전아일랜드드레싱
286,양송이버섯
287,방울토마토
288,토마토소스
289,생크림 (요리용)
290,바질 말린것
291,요리당
292,시판 돈까스
293,밥
294,쑥갓대
295,가쓰오부시육수
296,데리야끼 소스
297,쌀밥
298,하이라이스 고형분
299,중하새우
300,백합조개
301,오징어 (링모양)
302,오징어
303,튀김가루
304,김
305,국수 마른것
306,춘장
307,돼지고기
308,다진생강
309,녹말
310,버섯
311,명란젓
312,블랙올리브
313,등심(전 어깨살)
314,흑설탕
315,명란젖
316,청파프리카
317,피자치즈
318,파마산 치즈
319,파마산치즈가루
320,과자
321,해물믹스(조갯살)
322,무청
323,고기다진것
324,녹색고추
325,순두부
326,마늘 다진것
327,소고기
328,떡국
329,페페론치노
330,샐러드
331,우동면
332,해물믹스
333,오뚜기 짜장가루
334,떡국떡
335,김치
336,토마토케첩
337,맥주
338,당근 (다진것)
339,대파 (송송썬것)
340,채끝살
341,봄동
342,<양념장>
343,멸치액젓
344,매실농축액
345,대구내장 (알+고니)
346,풋고추
347,쑥갓
348,멸치육수
349,새우젓갈 (다진것)
350,국간장
351,해감한 바지락
352,청홍고추
353,토마토 통조림 (홀)
354,돼지고기다진것
355,청량고추
356,생강 다진 것
357,<마파두부 소스>
358,미림 (맛술)
359,풋고추 (청양고추)
360,<양념>
361,호박
362,생강술
363,후추가루
364,옥수수
365,유기농 현미 뻥튀기
366,바닐라 아이스크림
367,블루베리
368,닭
369,누룽지
370,천일염
371,열무
372,된장
373,참치통조림
374,레몬즙 (생략가능)
375,남은 고추장 멸치 볶음
376,잘익은 배추김치
377,쇠고기 다짐육
378,검은깨
379,소금 (혹은 조선간장)
380,고구마전분
381,건새우
382,고구마 (혹은 감자)
383,생강가루
384,수박껍질
385,올리고당(혹은 꿀)
386,청국장
387,쌀뜨물
388,건멸치 중간크기
389,배추김치 (신김치)
390,아욱
391,건멸치 작은것
392,마늘생강술
393,새우젓갈
394,돼지앞다리
395,요리당(물엿)
396,소고기 (불고기용)
397,<규동 소스>
398,소고기 (한우불고기)
399,멸치다시마육수
400,느타리버섯 (혹은 각종버섯)
401,칼국수면 (우동 혹은 당면)
402,<샤브샤브 양념장>
403,마늘 (다진것)
404,육수
405,<샤브샤브 간장>
406,와사비페이스트
407,샤브샤브 국물
408,순대
409,초고추장
410,조림장
411,들깨가루
412,매실액
413,통깨
414,톳나물
415,굵은소금
416,방풍나물
417,깨소금
418,소세지
419,감자 삶은것
420,굴
421,공기밥
422,맛살
423,참치
424,<소스>
425,흰우유
426,휘핑크림
427,페투치니
428,북어채
429,미역
430,조선간장
431,고기
432,야채
433,칠리소스
434,잡채
435,라이스페이퍼
436,초코파이
437,아침에버터
438,피클링스파이스
439,월계수잎
440,도토리묵 가루
441,매실액기스
442,다진파
443,깨
444,다진 소고기
445,양상추
446,햄버거 번
447,오레가노
448,폰티나치즈
449,계란후라이
450,오리지날 HP 버거 소스
451,적파프리카 (꽈리고추)
452,견과류
453,올리고당(물엿)
454,스팸햄
455,김가루
456,미림
457,당면
458,숙주
459,닭모래집
460,<피자도우반죽>
461,식빵믹스
462,인스턴트 이스트
463,<피자토핑>
464,시판용 토마토소스
465,옥수수캔
466,까망베르치즈
467,팔도비빔면
468,연어캔
469,양파 중간크기
470,케이퍼
471,코다리(대)
472,참치액
473,통후추
474,무순
475,대패삼겹살
476,닭발
477,소주
478,양파효소
479,다시마육수
480,돼지고기목살
481,양파소
482,전분가루
483,호두
484,건포도
485,과메기
486,양조간장
487,후춧가루
488,오감자
489,스트링치즈
490,순대내장
491,사리곰탕면
492,<데리야끼소스 양념>
493,생강가루(생강)
494,미림(소주)
495,녹말물약간
496,생수
497,섬초
498,맛간장
499,스팸
500,소고기 (다짐육)
501,물만두
502,베이크드빈
503,사골곰탕 육수
504,보쌈김치
505,파채
506,쌈장
507,청경채
508,소시지
509,핫케익가루
510,베이글
511,햄버거 패티
512,허니머스타드
513,홀그레인
514,케찹
515,<크림소스>
516,생크림
517,카레가루
518,쯔유
519,곶감
520,크림치즈
521,크랜베리
522,캐슈넛
523,크래미
524,콘
525,만두피
526,푸질리
527,토마토퓌레
528,송이버섯
529,아삭이 고추
530,무즙
531,양파즙
532,찹쌀풀
533,아이스플랜트(바라후)
534,양파小
535,칵테일새우
536,고구마小
537,단호박
538,올리브
539,가지고추
540,파르메산치즈
541,바게트
542,고운소금
543,녹인버터
544,피자 치즈
545,남은족발
546,냉장고에 있는 자투리채소
547,매실원액
548,돼지고기(목살 혹은 삼겹살)
549,생강가루 적당히
550,레몬즙 (레몬 한개즙)
551,리챔
552,떡볶이 떡
553,오뎅
554,양배추 채썬것
555,다시마물 (혹은 일반 생수)
556,계란 삶은것
557,귤 중간사이즈
558,귤청을 보관할 유리병
559,베이킹소다
560,치아바다빵
561,슬라이스 치즈
562,시나몬 가루
563,옥수수콘 캔
564,베이컨 긴것
565,미니새송이
566,닭가슴살 삶은 육수
567,매실액 (집에서 담근거라 안달아요)
568,사골육수 (없으면 안넣어도 됨)
569,치킨너겟
570,코코아가루
571,윌튼색소 레드
572,박력분
573,버터밀크 (혹은 우유)
574,프로스팅
575,쭈꾸미(낙지 혹은 오징어 대체)
576,조개류
577,부침가루
578,물 반컵 (전 다시물 넣어줌)
579,얼음
580,반건조오징어
581,생강엑기스
582,매실엑기스
583,맛소금
584,파스타면
585,치킨스탁(물50ml)
586,단호박 삶은것
587,한천
588,두유
589,자이로과당
590,아가베시럽
591,김장김치
592,통밀가루
593,베이킹파우더
594,바나나
595,무지방우유
596,잣 말린것
597,만두
598,새송이 버섯
599,땅콩가루
600,벌꿀
601,카놀라유
602,슬라이스 체다치즈
603,해물모듬
604,오일
605,유채나물
606,집된장
607,떡
608,올리고당 (혹은 꿀)
609,달고기 포
610,타르타르소스
611,꼬치
612,쭈꾸미
613,쌀엿
614,굵은소금(쭈꾸미 씻는용도)
615,명란젖갈
616,오징어 반건조
617,코코아파우더
618,다크
619,밀크
620,계란흰자
621,계란 노른자
622,고기에뿌리는 밀가루
623,<화이트소스>
624,앙팡치즈(서울우유)
625,이쑤시개
626,제과용밀가루
627,포도씨유
628,생크림요거트
629,녹차가루
630,오레오쿠키
631,바닐라 엑스트렉
632,햄버거/핫도그용빵
633,후랑크햄
634,토마토케찹
635,문어 삶은것
636,허브가루
637,아이비과자
638,슬라이스 햄
639,딸기
640,면(칼국수)
641,돼지고기(잡채용)
642,전복
643,홍합살
644,목이버섯
645,베트남고추
646,마늘다진것
647,중력분
648,당근 (파프리카)
649,옥수수콘
650,커피
651,새송이버섯
652,소갈비양념
653,생강즙
654,<고기밑간>
655,홍어회
656,도라지
657,양파(갈은것)
658,아귀
659,미더덕
660,<밑간>
661,청양고추가루
662,일반고춧가루
663,생강청(매실청)
664,동태
665,빨간파프리카
666,습식빵가루
667,옥수수전분가루
668,색소(생략가능)
669,황태채
670,실파
671,백미
672,가츠오부시
673,건고추
674,각종허브(후추)
675,와인
676,고추기름(식용유)
677,마른고추
678,바지락육수(홍합육수)
679,제빵용밀가루
680,버터넛 익힌것
681,외주박장아찌
682,새싹채소
683,노랑파프리카
684,빨강 파프리카
685,적채
686,구운김
687,데리야끼소스
688,돼지목살(혹은 삼겹살)
689,주꾸미
690,우스터
691,칠면조고기 패티
692,달걀후라이
693,시금치
694,스모크 구다치즈
695,레몬제스트(레몬청)
696,생닭
697,콜라
698,낙지
699,닭봉
700,건홍고추
701,미림(와인)
702,레몬
703,레몬제스트(레몬껍질)
704,레몬필
705,레몬과육
706,참두릅
707,명란젓갈
708,황태
709,염장미역줄기
710,고구마 찐것
711,젤라틴
712,푸딩컵
713,<토핑>
714,카카오파우더
715,<바닐라 크림>
716,바닐라 엑스트랙
717,<글레이즈>
718,슬라이스치즈
719,슬리이스햄(없어도그만)
720,버터(식용유)
721,부산오뎅
722,올리고당(설탕)
723,비트
724,요구르트
725,소등심
726,스테이크소스
727,씨겨자
728,매실농축액(올리고당)
729,허브솔트
730,블루치즈
731,꿀(시럽)
732,건표고버섯
733,멸치
734,냉동새우
735,페페론치노(건홍고추)
736,닭날개
737,토마토홀
738,토마토 케찹
739,우스터 소스
740,고형 카레
741,유기농 채소
742,삶은계란
743,발사믹크림
744,가당 연유
745,무가당 연유
746,원하는 쿠키
747,어묵(오뎅)
748,우동다시
749,호박고구마
750,스파게티소스
751,김밥치즈
752,가래떡
753,고추참치통조림
754,딸기잼
755,포도잼
756,쌀가루
757,따뜻한 물
758,드라이이스트
759,사탕수수당
760,치아바타
761,어린잎
762,그릭요거트
763,감말랭이
764,다시마 육수
765,황설탕
766,함박스테이크
767,스리랏차소스
768,해산물믹스
769,치킨 무
770,게맛살
771,아기양배추
772,어묵
773,까나리액젓
774,청고추
775,부재깽이
776,매실발효액
777,쌀물엿
778,잡곡밥
779,흑임자 (or 통깨 )
780,지리멸치
781,햇반
782,일본식단무지
783,햄 아무거나
784,할라피뇨
785,야생쌀
786,마스카포네치즈
787,커스터드크림
788,카스테라
789,코코아 파우더
790,인스턴트 커피
791,꿀이나 메이플시럽
792,코셔 소금
793,빨간 고춧가루
794,작은 호박
795,작은 감자
796,마늘 파우더
797,양파 파우더
798,훈제 파프리카
799,붉은양배추
800,치커리
801,쫄면
802,사이다
803,야채육수
804,삼양라면(삼양)
805,저염된장
806,달래
807,울금가루
808,고기만두
809,시판 스파게티 소스
810,블랙올리브 (생략 가능)
811,파슬리가루 (생략 가능)
812,훈제연어
813,요거트
814,홀스래디쉬 소스
815,휩 크림
816,훈제 파프리카 가루
817,카이엔 페퍼
818,냉동 망고
819,무가당 케피어
820,바닐라 농축액
821,코코넛크림
822,치아시드
823,연어
824,비타민
825,해송이버섯
826,요거트 크림소스
827,바닐라 에센스
828,큰 달걀
829,냉동 라즈베리
830,냉동 블루베리
831,냉동 딸기
832,레몬주스
833,닭가슴살 소세지
834,호떡믹스
835,참치캔
836,양파 큰 것
837,양파 작은 것
838,케첩
839,빻은 오트밀
840,피넛버터
841,메이플시럽 또는 아가베시럽
842,통 오트밀
843,미니 다크 초콜릿 칩
844,냉동 바나나
845,신김치
846,소멘
847,<비빔양념장>
848,미강
849,김밥용 단무지
850,맛살(혹은 햄)
851,상추
852,피칸
853,그래뉴당(굵은 설탕)
854,커민
855,올스파이스
856,카이엔 파우더
857,생연어 (혹은 훈제연어)
858,어린잎채소
859,모닝빵
860,신라면
861,라면스프
862,건더기스프
863,쪽파 (초록부분)
864,다진 마늘 (고명)
865,4등분한 브로콜리
866,치즈가루
867,겨자소스 낼리낼리쉬 피클소스
868,배합초
869,허니머스터즈
870,육수용 멸치
871,기본육수
872,야채시리얼
873,초콜릿
874,<강정시럽>
875,도라지조청
876,우유식빵
877,야채 잼
878,깍두기
879,깍두기국물
880,김밥용 김
881,매콤멸치볶음
882,<매콤멸치볶음>
883,아몬드 슬라이스
884,<쌈장>
885,콩가루
886,<참깨소스>
887,땅콩버터
888,쌀떡볶이 떡
889,"소불고기,배,양파,대파,애호박,표고버섯,"
890,"간장,설탕,다진마늘,매실액기스,참기름,물엿,"
891,"다시다우린물,"
892,연어통조림
893,건마늘
894,(양념)샘표조림간장
895,배조청
896,마늘쫑
897,훈제베이컨
898,고추장양념
899,돼지고기 목살
900,불고기
901,양념장
902,앙금
903,리코타치즈
904,그린빈
905,레드페퍼
906,스탁or물
907,나물
908,메추리알조림
909,김밥용김
910,치자단무지
911,자일로스설탕
912,비엔나소시지
913,야채후레이크
914,현미가루
915,다진양파
916,불고기햄
917,진라면
918,다진김치
919,왕뚜껑
920,가쓰오부시
921,가리비
922,전분
923,라면
924,신라면(농심)
925,생 바질
926,씨솔트
927,단무지
928,연겨자
929,냉동돈가스
930,홍고추(생략가능)
931,생 블랙베리
932,치아씨드
933,돼지등뼈육수
934,칵테일 새우
935,고등어통조림
936,김칫국물
937,컬리플라워
938,생 스트로베리
939,코코넛워터
940,어묵고로케
941,꽃게짬뽕라면
942,잉글리쉬 머핀
943,사리면
944,크린베리
945,슬라이스아몬드
946,유산지
947,로제스파게티소스
948,유부주머니
949,무염 버터
950,아몬드 가루
951,타피오카 가루
952,코코넛 오일
953,코코넛 설탕
954,빵
955,라면스프 분말
956,오뎅장국
957,국수
958,김치다진것
959,<피자 반죽>
960,온수
961,<피자소스>
962,생모짜렐라
963,망고통조림
964,오리엔탈드레싱소스
965,닭가슴살통조림
966,아몬드슬라이스
967,말린 베트남고추
968,화이트와인(맛술)
969,아보가도
970,라임즙(혹은 레몬즙)
971,케이언페퍼
972,토마토스파게티 소스
973,그린홍합
974,새끼전복
975,한우 안심
976,루꼴라
977,발사믹 식초
978,대하새우
979,냉동무뼈닭발
980,허브소금
981,닭안심살
982,오리엔탈드레싱
983,크랜베리 말린것
984,<고추페스토>
985,파인애플
986,바닐라에센스
987,밤조림
988,통개
989,인스턴트 카레
990,헤비크림
991,겨자페이스트
992,시즈닝가루
993,매운참치액 (생략가능)
994,닭 혹은 야채 육수
995,타임
996,작은 양파
997,조개관자
998,토르틸라
999,누텔라
1000,너구리얼큰한맛(농심)
1001,쇠고기간것
1002,돼지고기간것
1003,시판용 스테이크 소스
1004,<푸딩>
1005,<크레이프>
1006,쥐포
1007,초장
1008,백오이
1009,피클링 스파이스
1010,명이나물(산나물)
1011,사과식초
1012,빛소금
1013,표고버섯 또는 새송이
1014,건표고
1015,솔치
1016,명이나물
1017,다진 브로콜리
1018,멸치다시육수
1019,두릅
1020,꼬막
1021,밥 적당량
1022,오렌지즙
1023,쌀조청
1024,동원 불골뱅이 바로무침용
1025,2배식초
1026,생딸기
1027,그릭 요거트
1028,다이제
1029,우유얼음
1030,국산팥
1031,연유
1032,< 양념>
1033,무가당 코코아 파우더
1034,뉴텔라
1035,베이킹 파우더
1036,에스프레소 파우더
1037,쿠키 버터 스프레드
1038,두유(우유)
1039,키위
1040,아무과일
1041,오미자원액
1042,<파이지>
1043,아몬드가루
1044,<아몬드크림>
1045,<커드크림>
1046,바닐라빈
1047,비엔나 핑거볼
1048,핫쵸코가루
1049,단호박가루
1050,초콜렛
1051,다크커버춰초콜릿
1052,무염버터
1053,옥수수전분
1054,<머랭>
1055,밀폐유리용기 1L용량
1056,콜라비
1057,스낵오이
1058,로제 스파게티소스
1059,생망고
1060,라임 제스트
1061,라임 주스
1062,반으로 자른 자몽
1063,재료다크 커버춰초콜릿
1064,휘핑용 생크림
1065,<토핑재료>
1066,우박설탕
1067,기타 견과류
1068,아가배시럽
1069,효모
1070,<장식>
1071,옥수수가루
1072,<반죽재료>
1073,탈지분유
1074,제빵개량제
1075,실온버터
1076,<계란물 >
1077,에어-팝 팝콘
1078,스팸 작은것
1079,토마토홀 통조림
1080,조개
1081,치킨스톡
1082,멍게
1083,돌나물
1084,또띠야
1085,마늘칩
1086,발사믹식초
1087,햄
1088,고등어
1089,곰취
1090,마늘 칩
1091,소안심
1092,훈제오리고기
1093,말린 취나물
1094,국물멸치
1095,무말랭이
1096,골뱅이
1097,말린 곤드레
1098,불린쌀
1099,<달래장양념>
1100,양배추잎
1101,냉면
1102,통깨조금
1103,갓 물김치
1104,<육수>
1105,<차돌박이 밑간>
1106,냉면육수
1107,갈은 배
1108,새우깡
1109,돈까스소스
1110,부채살
1111,갈은 사과
1112,사이다 (생략가능)
1113,돈가스소스
1114,봄동배추
1115,미소된장
1116,삶은 계란
1117,사골육수
1118,불닭볶음면
1119,짜파게티
1120,편마늘
1121,그린키위
1122,빙수 떡
1123,계란노른자 삶은것
1124,즉석밥
1125,냉동만두
1126,비비빅
1127,빙수용 떡
1128,피자소스
1129,현미밥(취사한 것)
1130,렌틸콩(삶은 것)
1131,무첨가두유
1132,애호박(주키니도 가능)
1133,"천일염,후추,바질가루"
1134,현미쌀
1135,꿀 or 아가베시럽(다른 시럽류 가능)
1136,물(농도조절용)
1137,"코코아파우더, 녹차가루(토핑용)"
1138,아몬드(아몬드와 물은 1:3 비율로 준비)
1139,코코넛밀
1140,반건시(곶감)
1141,말린대추
1142,토핑용 코코넛밀
1143,전복(중)
1144,전복내장
1145,밤
1146,대추
1147,에멘탈치즈
1148,통밀식빵
1149,샌드위치 햄
1150,멸치육수(없어도 무관)
1151,견과
1152,검정콩 서리태
1153,실곤약
1154,콩국물
1155,현미국수
1156,흰우유 저지방
1157,참치 1캔
1158,엔쵸비 (acciughe)
1159,아티초크
1160,빠르미쟈노 치즈
1161,시판 카스테라
1162,"남은동그랑땡,남은전"
1163,"콘츠로스트,빵가루"
1164,"우유,생크림"
1165,주키니호박내지 애호박
1166,생면
1167,청오이
1168,설탕내지 캬라멜
1169,굴소스또는 미소된장
1170,참치 통조림
1171,발사믹소스
1172,각종샐러드 채소
1173,돌나물한줌(어린잎채소로 대체가능)
1174,레몬다진것
1175,단호박 퓨레
1176,달걀 노른자
1177,바닐라 액
1178,호박씨
1179,칠리 후레이크
1180,사천 후추
1181,파인애플 통조림
1182,후르츠칵테일
1183,팥빙수용 팥
1184,토스트식빵
1185,오이피클
1186,떡갈비
1187,파스퇴르 에이요
1188,컵
1189,연어 통조림
1190,망고
1191,크림 치즈
1192,포도
1193,크래커
1194,레드 칠리 연어 통조림
1195,밥이랑
1196,연와사비
1197,검은 깨
1198,곡물 식빵
1199,잉글리시 머핀
1200,홀그레인 머스터드소스
1201,닭 가슴살 통조림
1202,닭 가슴살
1203,샐러리
1204,카레 분말
1205,치킨 윙
1206,피클
1207,닭 다리살
1208,꽁치 통조림
1209,리코타 치즈
1210,스펀지케이크
1211,오렌지리큐르
1212,훌그레인 머스타드
1213,무청시래기
1214,양념
1215,천연 다시다
1216,소갈비
1217,배
1218,게걸무
1219,<황금양념>
1220,다진 생강
1221,체다 치즈
1222,모차렐라 치즈
1223,다시다
1224,나쵸
1225,돈가스
1226,감장
1227,냉동채소
1228,조랭이떡
1229,속배추
1230,국물용 멸치
1231,유자청
1232,청양 고추 다진 것
1233,팽이 버섯
1234,집 간장
1235,배춧잎
1236,양파간것
1237,메밀라면
1238,알배추
1239,사과주스
1240,물김치
1241,자몽
1242,스위트칠리소스
1243,애타리버섯
1244,미림이나 청주
1245,오이고추
1246,샐러드채소
1247,로즈마리 말린것
1248,흑후추
1249,포도씨유(고기밑간)
1250,오렌지주스
1251,홀그레인머스타드
1252,흰후추
1253,고추냉이
1254,교자만두
1255,소주나 청주
1256,다진견과류
1257,관자
1258,고운면보
1259,계피가루
1260,도토리묵
1261,라임즙
1262,스크류바
1263,탄산수
1264,맥키스
1265,수박
1266,얼음조각
1267,청포도
1268,슈가파우더 (설탕 대체 가능)
1269,뻥튀기
1270,바닐라아이스크림
1271,블루베리잼
1272,라즈베리
1273,아몬드우유
1274,헤이즐넛
1275,쌀식초
1276,브로콜리 데친것
1277,간 마늘
1278,마카로니 마른것
1279,쌀국수
1280,어린새싹
1281,<땅콩버터>
1282,머스터드
1283,다크초콜릿
1284,<선택>  바닐라에센스
1285,<마른재료>소금
1286,<마른재료>옥수수가루
1287,<마른재료>베이킹파우더
1288,<젖은재료>옥수수가루
1289,<젖은재료>베이킹파우더
1290,<젖은재료>밀가루
1291,<젖은재료>소금
1292,<젖은재료>라면스프
1293,<젖은재료>보드카(선택)
1294,쵸콜렛아이스크림
1295,<햄버거재료>
1296,햄버거빵
1297,샬롯 (혹은 양파)
1298,<바베큐소스 재료>
1299,우스터 양념
1300,고운 고춧가루
1301,파프리카분말
1302,오레가노 말린것
1303,우스터소스
1304,찰옥수수
1305,치타가 뛰어다니는 과자
1306,조각얼음
1307,메밀국수
1308,적양배추
1309,<국물양념>
1310,문어
1311,소주 또는 청주
1312,비빔면
1313,소보로빵
1314,꿀or설탕
1315,플레인 요거트
1316,<100원크기>파스타
1317,아몬드밀크
1318,오레오 쿠키
1319,감자튀김
1320,<양념>마요네즈
1321,<양념>토마토케찹
1322,<양념>피클렐리쉬
1323,<양념>머스터드소스
1324,<양념>소금
1325,<양념>후추
1326,<양념>설탕
1327,<양념>사과식초
1328,스파클링 와인
1329,애플민트
1330,레몬 슬라이스
1331,에스프레소
1332,<선택>호박씨
1333,감자중
1334,<맥앤치즈 재료>
1335,마카로니
1336,<튀김 재료>
1337,<핫마요네즈 소스>
1338,<재료>
1339,돼지등갈비
1340,<삶는 물>
1341,<바베큐폭립 소스>
1342,꿀(올리고당)
1343,인스턴트 블랙커피
1344,<고추장등갈비구이 소스>
1345,족발 (편의점 족발)
1346,핫도그빵
1347,페페로니햄
1348,파슬리가루(없으면 생략가능)
1349,토마토페이스트
1350,<선택>로즈마리
1351,<선택>타임
1352,<선택>파슬리가루
1353,<마른재료>치아씨드
1354,<마른재료>통밀가루
1355,<마른재료>귀리
1356,<마른재료>밀가루
1357,<마른재료>황설탕
1358,<마른재료>시나몬가루
1359,보드카
1360,토마토쥬스
1361,셰리 와인
1362,시럽
1363,샐러리 소금
1364,프랑크소시지
1365,파마산 치즈가루
1366,파프리카 레드
1367,옐로
1368,어린잎 채소
1369,쌈무
1370,바베큐소스
1371,라임쥬스
1372,말린 고추
1373,잎채소
1374,잉글리쉬머핀
1375,<반죽>밀가루
1376,<반죽>베이킹소다
1377,<반죽>소금
1378,<반죽>계란
1379,<반죽>물
1380,< 양념>토마토케찹
1381,< 양념>매실농축액
1382,< 양념>우스터소스
1383,< 양념>굴소스
1384,<양념>옥수수가루
1385,<양념>식초
1386,<양념>물
1387,플레인요거트
1388,병아리콩 통조림
1389,핫케이크가루
1390,무가당 코코아파우더
1391,찬밥
1392,레몬즙(또는 레몬주스)
1393,파르미자노 레자노 치즈가루
1394,스파게티
1395,면 삶을 물
1396,소금(면 삶는용)
1397,페페론치노(이탈리아 고추)
1398,이탈리아 파슬리(또는 드라이 파슬리)
1399,홀스래디소스
1400,슬라이스햄이나 베이컨
1401,소금후추
1402,참나물
1403,바지락조개
1404,고사리
1405,해파리
1406,부침용 두부
1407,들깻가루
1408,라임
1409,드라이바질
1410,페페로치노
1411,파르마지아노(파마산치즈가루)
1412,마쉬맬로우
1413,씨리얼
1414,초콜릿 칩
1415,땅콩 볶은것
1416,<선택>마늘가루
1417,오레오
1418,계피
1419,애기배추
1420,백만송이버섯
1421,가쓰오국
1422,다진 고추
1423,팬케이크 믹스
1424,코코넛 플레이크
1425,<소스> 오렌지 마멀레이즈
1426,<소스> 고운 고춧가루
1427,수박즙
1428,김치다진거
1429,통조림 팥
1430,삶은 닭고기
1431,발사믹 리덕션
1432,용과
1433,오렌지마말레이드
1434,어린잎 샐러드
1435,허니레몬 드레싱
1436,또리띠아
1437,즉석 우동
1438,즉석 어묵탕
1439,소고기다짐
1440,계란잎
1441,가쓰오부시장국
1442,가루설탕
1443,적양파
1444,빨간 피망
1445,청양 건고추 혹은 베트남 건고추
1446,냉면사리
1447,삶은달걀
1448,할라피뇨 혹은 청량고추
1449,옥수수통조림국물
1450,물엿(혹은 올리고당)
1451,땅콩
1452,꿀호떡
1453,LA갈비
1454,배(없으면 안넣으셔도 되요.)
1455,레드와인(보르도가 좋음)
1456,닭고기 육수
1457,링귀니 파스타면
1458,파슬리 혹은 파슬리 가루
1459,젤리믹스
1460,오렌지 맛 술
1461,빨간색 색소
1462,"데리야끼소스(양파, 설탕, 간장, 맛술, 올리고당)"
1463,[소스] 케첩
1464,천도복숭아
1465,데라웨어포도
1466,"후추, 청주, 소금, 설탕, 고추장, 마늘, 식초, 깨, 참기름"
1467,"소금, 후추"
1468,페투치니 파스타
1469,버터 혹은 식물성 기름
1470,통조림 망고
1471,얼린우유
1472,시판용 치즈케이크
1473,빙수용 팥
1474,떠먹는 아이스크림
1475,페퍼로니
1476,큐민가루
1477,토마토 통조림
1478,페타치즈
1479,참치캔(작은것)
1480,후리가케
1481,양송이버섯 슬라이스
1482,파우더 설탕
1483,화이트초콜릿
1484,식용 색소
1485,카카오 빈
1486,바닐라 푸딩 믹스
1487,계란 과자
1488,다시멸치
1489,황태머리
1490,오레오 과자
1491,미쯔
1492,초코칩쿠키
1493,칸쵸
1494,참붕어빵
1495,샤브레
1496,인디안밥
1497,마시멜로우
1498,옥수수 알갱이
1499,체리 에센스
1500,식용색소 (분홍)
1501,체리 통조림
1502,메밀가루
1503,베이킹 소다
1504,미지근한 물
1505,식용색소(빨강)
1506,시나몬가루
1507,스팸캔
1508,소고기볶음고추장
1509,파스타(파르펠레)
1510,초리조 슬라이스
1511,드라이 페페로치노
1512,마늘절편
1513,햅쌀
1514,소고기(다짐육)
1515,미니 햄버거 번
1516,대하 새우
1517,홍고추(파프리카)
1518,초리조
1519,바나나맛우유
1520,메론맛우유
1521,딸기맛우유
1522,설탕시럽
1523,프로볼론치즈
1524,청양고추다진것(매운걸 조절할때 넣어요.)
1525,매운고춧가루
1526,간마늘
1527,쌈채소
1528,파인애플 과육
1529,[양념장 만들기] 고추장
1530,홀스레디쉬
1531,훈제 연어
1532,지름 20cm 빵
1533,샐러드 잎
1534,올리브 타파나드
1535,과일 통조림
1536,립아이 스테이크
1537,소육수
1538,돼지고기2줌
1539,청주나 소주
1540,피쉬소스
1541,스리라차 혹은 핫소스
1542,[돈가스튀김]돼지고기 등심
1543,[소스]물
1544,[만두속] 다진소고기
1545,미고랭
1546,녹차티백
1547,뜨거운 물
1548,후리카케
1549,[타르트지] 비스킷
1550,계란흰자른자
1551,[에그필링] 계란노른자
1552,돼지고기 뒷다리
1553,바몬드 카레
1554,머스타드
1555,가염버터
1556,세이지 혹은 깻잎
1557,다진 김치
1558,어린잎 새싹
1559,(소스재료) 물
1560,월계수 잎
1561,스파게티 토마토 소스
1562,A1 스테이크 소스
1563,더블크림
1564,그뤼에르치즈
1565,호밀빵  (냉면그릇만한 것)
1566,또띠아 (8인치)
1567,바질페스토
1568,모짜렐라 생치즈
1569,바질 잎
1570,종이호일
1571,잼 혹은 스프레드
1572,돼지고기간거또는 잡채용
1573,액젓이나 국간장
1574,건크랜베리
1575,다이제 쿠키
1576,미니 마쉬멜로우
1577,완두콩
1578,토마토(토마토 페이스트)
1579,대패삼겹살 혹은 얇은 전지살
1580,소고기등심
1581,파프리카색깔별로
1582,소고기 등심
1583,빨강/노랑 파프리카
1584,아이밥
1585,아기간장
1586,버섯 (모든 종류)
1587,오이피클 (작은것)
1588,[양념] 멸치액젓
1589,멜론
1590,거봉
1591,[김치볶음] 김치
1592,[소시지부침] 소시지
1593,[멸치볶음] 잔멸치
1594,[고구마필링] 고구마무스
1595,허니머스타드소스
1596,또르띠아
1597,샤워크림
1598,홍파프리카
1599,남은 후라이드 치킨
1600,돼지갈비
1601,실고추
1602,키위 슬라이스
1603,대파(하얀부분)
1604,카스텔라
1605,건고추 플레이크
1606,말린곤드레나물
1607,부추(대파작은거한뿌리)
1608,도리토스
1609,파프리카가루 혹은 고운 고춧가루
1610,갈릭 파우더
1611,깍두기각
1612,버터슬라이스
1613,라즈베리 잼
1614,파우더 슈가
1615,바닐라 빈
1616,고운 설탕
1617,돼지족발 뼈
1618,돼지족발 살코기
1619,초간장
1620,얼음물
1621,각얼음
1622,깻잎단
1623,우동
1624,모듬어묵
1625,[고명] 김
1626,김밥김
1627,[멸치햄] 잔멸치
1628,[고추참치마요] 참치
1629,컨크렌베리
1630,쿠키
1631,시나몬파우더 or 코코아파우더
1632,간짬뽕 라면
1633,따뜻한물
1634,파스타 삶은 물
1635,귤
1636,돼기고기 또는 닭고기
1637,다진 파
1638,스위트 칠리소스
1639,로즈마리 잎
1640,복숭아
1641,레몬즙(생략가능)
1642,밀폐용기
1643,허브믹스
1644,돼지고기앞다리살
1645,미지근한물
1646,설탕(단게 싫으시면 살짝 한큰술정도 빼세요.)
1647,간장(굴소스와 반씩하면 더 좋아요.)
1648,멸치 다시마 육수
1649,삶은 달걀
1650,메밀 건면
1651,매신 진액
1652,와사비 또는 겨자
1653,체다 슬라이스 치즈
1654,동태포
1655,돼지고기 안심
1656,불린 미역
1657,중화면
1658,(두반장 양념장) 두반장
1659,캔 골뱅이 작은 것
1660,바질 가루
1661,족발
1662,오이작은거
1663,파프리카(색깔별로 해도 좋고 피망도 상관없어요.)
1664,연겨자나 일반겨자
1665,건 크랜베리
1666,카스테라빵
1667,백앙금
1668,노른자
1669,흰깨
1670,위에 발라 줄 노른자
1671,알밤
1672,화이트초콜릿/다크초콜릿
1673,밀크캬라멜
1674,"데코레이션 견과류(땅콩분태, 아몬드 슬라이스 등)"
1675,꽃상추
1676,페이스트리
1677,요거트 / 사워크림
1678,부침용 기름
1679,고수잎
1680,빨간 단풍잎
1681,다크 커버쳐 쵸콜릿
1682,슈가 파우더
1683,소면(굵기2센치)
1684,국수양념통깨
1685,국수양념참기름
1686,국수양념간장
1687,생굴
1688,불린미역
1689,"우유, 버터 40g"
1690,사각유부
1691,"각종버섯(느타리,팽이,새송이 등)"
1692,다진고기
1693,"부추,미나리"
1694,쯔유간장
1695,애플민트 잎
1696,다진 대파
1697,다진 풋고추
1698,붉은 고추
1699,각종 버섯
1700,스케이크 소스
1701,(치즈토핑)홍고추
1702,(버터갈릭토핑)버터
1703,중면
1704,(양념장) 고추장
1705,현미밥
1706,잉글리시머핀
1707,느타리 버섯
1708,베이컨 또는 햄
1709,각종 해물
1710,팔기파우더
1711,닭 윙
1712,로즈마리잎
1713,설탕 또는 꿀
1714,삶은고구마줄기
1715,생우동사리
1716,간장게장 (소)
1717,앙파
1718,(소스) 올리브오일
1719,간장게장 간장
1720,발사믹식초 (식초 대체가능)
1721,간장게장
1722,쪽파(파 1/2대)
1723,(기호에따라) 계란
1724,사천 짜파게티
1725,간짬뽕
1726,팝콘
1727,마쉬멜로우
1728,엠엔엠 쵸콜릿
1729,쵸코볼
1730,스프링클
1731,스프분말
1732,우유 또는 물
1733,[고구마무스] 고구마
1734,[화이트소스] 밀가루
1735,[토핑] 단호박 슬라이스
1736,불고기감소고기
1737,삶은당면
1738,레토르트짜장
1739,"간장, 물엿, 후추(아빠숟갈기준)"
1740,꼬치어묵
1741,소고기슬라이스
1742,우삼겹
1743,간장:고춧가루:깨소금(아빠숟갈)
1744,고춧가루:간장:매실액:고추장:물엿(아빠숟갈 기준)
1745,"쌀밥,김가루,깨소금"
1746,"참기름,소금"
1747,밀가루 박력분
1748,오렌지껍질
1749,수프 가루
1750,불고기 소스 또는 돈가스 소스
1751,버터 또는 식용유
1752,"돼지고기(삼겹,목살)"
1753,간양파
1754,꽁치통조림
1755,시리얼
1756,모차렐라치즈
1757,납작한 어묵
1758,삼계탕 남은 것
1759,핫도그
1760,피자치즈 (라면토핑치즈)
1761,에스프레소 (기호에 따른 커피)
1762,아이스크림
1763,장식김
1764,검은콩
1765,검은콩 삶은 물
1766,아마씨
1767,캡사이신소스
1768,조미김
1769,군만두
1770,[밑간 양념] 간장
1771,[매콤 양념] 간장
1772,제육찌그래기
1773,(치즈소스) 체다치즈
1774,"하리보젤리 (온색 - 빨강, 투명, 노랑 등)"
1775,샐러드 채소
1776,단호박 으깬것
1777,액상 생크림
1778,옥수수 전분가루
1779,건푸룬
1780,바질파우더
1781,크로와상
1782,[양념장] 고춧가루
1783,라면 (또는 짬뽕라면)
1784,화이트 쉘 초콜릿
1785,가나슈
1786,화이트 코팅 초콜릿
1787,웰튼 스카이 블루 색소
1788,11cm 스틱 빼빼로
1789,화이트 초코펜
1790,다크 초코펜
1791,고추참치
1792,머스타드소스
1793,GS 위대한 버거
1794,소고기(호주산)
1795,토란대
1796,"고춧가루,고추기름"
1797,참기름 (또는 식용유)
1798,분말카레
1799,감자 小
1800,샐러드야채
1801,발사믹드레싱
1802,양갱
1803,석류주스
1804,토마토주스
1805,얼음컵
1806,크래커 과자
1807,오모리 김치찌개
1808,종가집 볶음김치
1809,참이슬
1810,씨그램
1811,모히또레몬라임
1812,바닐라오일
1813,아이스바
1814,m&m초콜릿
1815,5호닭
1816,스트링 치즈
1817,발사믹 소스
1818,마일드참치
1819,매운고추
1820,(따뜻한물)
1821,(드라이이스트)
1822,(찐빵)연양갱
1823,(만두) 다진돼지고기
1824,꽃등심
1825,바비큐 솔트
1826,녹두쌀
1827,빨간자두
1828,저지방우유
1829,삼각김밥
1830,레모나
1831,마이쮸
1832,츄파춥스
1833,배추1통(큰것과 작은것이 차이가 있으니 중간정도로 기준)
1834,하루견과
1835,푸른잎채소
1836,돼지고기(카레용)
1837,고구마중
1838,기름
1839,흑임자
1840,보리차
1841,후레이크
1842,디종머스터드
1843,돼지불고기
1844,(양념)맛간장
1845,(고명)계란노른자
1846,만두속(냉동만두)
1847,(양념) 굴소스 or 맛간장
1848,(소스)마요네즈
1849,홀머스타드
1850,딸기빼빼로
1851,커피믹스
1852,마카롱
1853,(초간장) 맛간장
1854,소고기 다짐육
1855,닭다리
1856,핫케이크믹스
1857,팥
1858,홍/청피망
1859,넙적닭다리
1860,돼지고기 간것
1861,시나몬파우더
1862,초코소스
1863,고등어순살
1864,큰멸치
1865,태국고추
1866,돼지고기등심
1867,포카칩
1868,밤고구마
1869,허니요거트
1870,알새우
1871,배춧잎작은거
1872,쥬키니호박
1873,고운고춧가루
1874,스파게티 소스
1875,커피우유
1876,설레임
1877,"소금,후추"
1878,키워
1879,돼지고기 불고기용
1880,콩나물무침
1881,(양념) 고추장
1882,(파채) 파
1883,(무채) 쌈무
1884,양송이
1885,다진소고기
1886,미니머핀
1887,어린콩
1888,통모짜렐라
1889,슬라이스마늘
1890,양송이 버섯
1891,카레 가루
1892,파슬리 가루
1893,북어
1894,식빵 (에그인헬 올려 먹는 빵)
1895,닭육수 (치킨스톡 가능)
1896,살사소스 (없어도 됨)
1897,토마토 페이스트
1898,바질 허브 후추
1899,(등갈비 밑간) 간장
1900,(버터소스) 버터
1901,(샐러드) 고추
1902,김밥용햄
1903,오이 다진 것(혹은 오이장아찌)
1904,스위트콘
1905,강낭콩
1906,등갈비양념
1907,소고기홍두께살또는 우둔살
1908,배(육수재료)
1909,양파(육수재료)
1910,파(육수재료)
1911,통마늘(육수재료)
1912,생강(육수재료)
1913,건고추(육수재료)
1914,후추(육수재료)
1915,오징어채
1916,스파게티면두께로(2센치두께가 일인분이에요.)
1917,안심
1918,전 루를 만들어써서 우유한컵에 밀가루한큰술 버터한큰술을 넣었어요
1919,3cm 두께의 등심
1920,눈꽃치즈
1921,튀김용기름
1922,땡초
1923,마시멜로
1924,캡사이신
1925,핫케익믹스
1926,슈거파우더
1927,바비큐솔트
1928,레몬제스트
1929,소고기안심
1930,숙주크게
1931,치킨텐더
1932,무화과
1933,소세지바
1934,파슬리 가루(없어도 무방)
1935,브리치즈
1936,제티
1937,동그랑땡
1938,마요네스
1939,어린채소
1940,홍두께(우둔살)
1941,달걀노른자
1942,돈가스 소스
1943,크림스프
1944,[양념장]
1945,(타르타르소스) 삶은달걀
1946,다진피클 (혹은 소금에 절여낸 오이)
1947,닭볶음탕용
1948,(선택) 설탕
1949,(별모양) 식빵 혹은 치즈
1950,코울슬로 소스
1951,치즈떡볶이떡
1952,허니버터향과자
1953,노랑 파프리카
1954,황태포
1955,통오징어
1956,건칼국수면
1957,묵은김치
1958,파인애플통조림
1959,키조개관자
1960,종합어묵
1961,곤약작은봉지
1962,디포리
1963,통사겹살
1964,커리난믹스
1965,(단촛물) 식초
1966,피자호빵
1967,어묵(국물포함)
1968,하리보젤리 (혹은 판젤라틴 2장)
1969,탕수육소스
1970,초코머핀
1971,귤 (혹은 다른 과일)
1972,휘핑된 생크림
1973,식용색소
1974,m&m
1975,분당
1976,소고기(국거리용/안심/등심) 큐브
1977,(선택)땡초
1978,볶음용 쌀국수
1979,고수
1980,(소스) 피시소스 (멸치액젓)
1981,황도
1982,양념간장
1983,골뱅이 통조림 국물
1984,까르보나라소스
1985,3분카레
1986,우동소스
1987,돼지불고기양념
1988,부침용부두
1989,늙은호박작은거로
1990,찹쌀
1991,다진쇠고기
1992,피자
1993,치즈피자
1994,슬라이스소시지
1995,포도주스
1996,계피스틱
1997,유부
1998,갈색설탕
1999,민트초코아이스크림
2000,초코시럽
2001,한줌견과
2002,계피설탕
2003,튀김기름
2004,초콜릿우유
2005,크렌베리잼
2006,포기김치
2007,단감
2008,굵은 고춧가루
2009,후렌치파이
2010,삶은 고구마
2011,너구리
2012,씻은김치
2013,홍시
2014,갈은 소고기
2015,생 모짜렐라
2016,메이플 시럽
2017,가쓰오브시
2018,렌틸콩
2019,방울 토마토
2020,캔 참치
2021,발사믹
2022,떡국 떡
2023,연두
2024,다시다요리수치킨스톡
2025,느타리
2026,얇은 우삼겹
2027,청상추
2028,핫케이크
2029,캔 옥수수
2030,돼지갈비양념
2031,목살
2032,땡초 (청양고추)
2033,(소스) 간장
2034,간 돼지고기
2035,아보가토
2036,국수장국
2037,우동면사리
2038,짜장라면
2039,(소스) 고춧가루
2040,(육수 - 선택) 마른표고버섯
2041,갈릭크림소스
2042,닭안심
2043,로제소스
2044,더덕
2045,백김치
2046,백김치국물
2047,파(혹은 쪽파)
2048,미니새송이버섯
2049,"홍고추, 청고추"
2050,(선택) 고수
2051,샐러드믹스
2052,다진소고시
2053,께소금
2054,소금 (혹은 국간장)
2055,마른표고
2056,치킨무
2057,생 모차렐라치즈
2058,돼지비계
2059,발사빅식초
2060,가다랑어포
2061,무쌈
2062,메밀면
2063,어묵작은거
2064,맛술이나 청주
2065,자몽주스
2066,다크 초콜릿
2067,오모리김치찌개 컵라면
2068,사리곰탕 컵라면
2069,마늘 장아찌
2070,땅콩잼
2071,바지락 육수
2072,태국 고추
2073,페투아치네면
2074,찐빵
2075,녹차아이스크림
2076,가당생크림
2077,세발나물
2078,꼬마당근
2079,방울양배추
2080,바비큐소금
2081,저염 명란젓
2082,저염 치즈
2083,등심
2084,하이라이스
2085,곤약국수
2086,고구마말랭이
2087,구운아몬드
2088,말린블루베리
2089,돼지고기 앞다릿살
2090,소불고기양념
2091,매운갈비양념
2092,크루통
2093,페투치네면
2094,올리브믹스
2095,계핏가루
2096,초코볼
2097,찜용갈비
2098,삶은우거지
2099,핫케이크 가루
2100,닭갈비 소스
2101,건블루베리
2102,건무화과
2103,튀밥
2104,연근
2105,노란 파프리카
2106,빨간 파프리카
2107,초콜릿잼
2108,날콩가루
2109,​고구마
2110,호떡잼믹스
2111,넓은 파스타면
2112,페투치니 파스타면
2113,손질꽃게
2114,시판알군밤
2115,또띠아10인치
2116,크림소스
2117,각김치
2118,불린쌀국수
2119,대파 작은 것
2120,사골라면 스프
2121,마니당근
2122,에일맥주
2123,또띠아10'
2124,말린묵
2125,떡볶이 소스
2126,오징어 젓갈
2127,돼지고기수육
2128,해물
2129,페페로치니
2130,타이데리야끼소스
2131,소고기간거
2132,토마토(전 없어서 방울토마토로 대신)
2133,방픙나물
2134,차가운버터
2135,소불고기감
2136,자른표고버섯
2137,돼지고기앞다릿살
2138,오이채썬거
2139,밴댕이
2140,양파껍질
2141,불린 쌀
2142,아무종류 잼
2143,치킨가루
2144,허브맛솔트
2145,런천미트
2146,엑스트라버진 올리브오일
2147,생연어
2148,닭갈비양념
2149,양지머리
2150,파뿌리
2151,컵케익시트
2152,건수삼
2153,삼계탕한방재료
2154,건망고
2155,연어필레
2156,샐러드모듬채소
2157,영양부추
2158,자반김
2159,생선살
2160,튀김용 기름
2161,미니당근
2162,소금/다시다/후추
2163,절단꽃게
2164,손질새우
2165,바지락살
2166,무가당휘핑크림
2167,가자미살
2168,비빔장
2169,미소
2170,다시다요리수
2171,찜갈비
2172,미나리크게
2173,쯔유(국간장대체가능)
2174,한천가루
2175,통조림팥
2176,소고기 우둔살
2177,해바라기씨
2178,팬케익믹스
2179,브로컬리
2180,우류
2181,냉동망고
2182,럼주
2183,(조림장) 물
2184,생크림 (혹은 휘핑한 생크림)
2185,초콜릿칩(혹은 초콜릿)
2186,(야매당고소스) 조청
2187,체다 슬라이스치즈
2188,미니단호박
2189,"견과류 (호두, 아몬드슬라이스)"
2190,(약고추장) 고추장
2191,배주스(배즙)
2192,모짜렐라치즈 (혹은 스트링치즈)
2193,찬맥주
2194,고형카레
2195,통조림 옥수수
2196,국거리용소고기
2197,나박썬무
2198,재래된장
2199,시판된장
2200,돼지고기베이컨
2201,열무김치국물
2202,마늘소금
2203,낙지젓
2204,돼지고기안심
2205,달걀(흰자)
2206,새송이
2207,청/홍피망
2208,훈제닭가슴살
2209,파프리카 색깔별로
2210,양상추크게
2211,레몬식초
2212,대파 뿌리
2213,감자(작은것)
2214,조개살
2215,미국산 베이컨
2216,마늘 슬라이스
2217,엔쵸비
2218,크러쉬드 레드페퍼
2219,엑스트라 버진 올리브오일
2220,뿌셔뿌셔 또는 라면사리
2221,멸치&아몬드 등 견과류
2222,유리병
2223,고르곤졸라 치즈
2224,호떡용잼믹스
2225,소고기샤브샤브용
2226,우지
2227,"청,홍피망"
2228,돼지고기 국거리
2229,냉동건조과일
2230,건과일
2231,프레첼
2232,닭가슴살캔
2233,겨자분말
2234,칠리가루
2235,올리브우일
2236,화이트커버처초콜릿
2237,다크커버초콜릿
2238,나무꼬치
2239,꼬들 단무지
2240,[양념장] 간장
2241,샐러드용 채소
2242,오리엔탈소스
2243,알감자
2244,안성탕면
2245,코리엔더 잎
2246,실란트로
2247,소고기 등심 슬라이스
2248,청&홍피망
2249,프리쿡 옥수수
2250,녹두전
2251,소바면
2252,슬라이스 소고기
2253,대파썬것
2254,채썬 양배추
2255,창난젓
2256,마른김
2257,스크램블 애그(기호에 따라)
2258,깻순
2259,강된장
2260,카옌페퍼
2261,석류
2262,[소스]레몬즙
2263,바비큐소스
2264,[필수] 오징어채
2265,[양념] 고추장
2266,카레
2267,"브레드 (식빵, 베이글 모두 OK!)"
2268,초코시럽 (누텔라)
2269,체다슬라이스치즈
2270,미니파프리카
2271,후랑크소세지
2272,토마토소스(오빠숟가락 ㅎ)
2273,[반죽] 달걀
2274,[양념]소금
2275,누뗄라
2276,냉동왕만두
2277,크림수프
2278,옥수수 통조림
2279,짜장참치
2280,올리으뷰&소금
2281,손질주꾸미
2282,돼지목살슬라이스
2283,곤약누들
2284,순대부속품(전 오소리감투를 이용했어요.)
2285,돼지사골육수
2286,청양고추다진거
2287,[쌈장]참치
2288,다시마컵
2289,[돼지불고기]목살
2290,[스팸구이]스팸
2291,[소시지야채볶음]소시지
2292,[계란말이]계란
2293,[김치볶음]양파
2294,바게트빵
2295,메밀소바
2296,돼지등심
2297,흰자
2298,낫토
2299,간장 및 겨자
2300,제다슬라이스치즈
2301,머스타스소스
2302,파마산가루
2303,베이크드빈스
2304,시래기
2305,볼케이노치킨
2306,마그마소스
2307,다시마물
2308,오꼬노미야끼
2309,모듬채소
2310,갈릭솔트
2311,송송썬파
2312,데코용 스프링클
2313,카스타드빵
2314,양념치킨
2315,양념치킨소스
2316,라자냐면
2317,통모자렐라
2318,다진돼지고기
2319,호밀빵
2320,캐슈넛/건크렌베리/아몬드
2321,ABC초콜렛
2322,"쌈채소(상추,양상추,깻잎)"
2323,[데리야키소스]설탕
2324,목전지살(돼지고기)
2325,콘길리에(파스타면)
2326,삶은문어
2327,건미역
2328,삶은 시래기
2329,양조간장이나 진간장
2330,우동사리
2331,[육수] 쯔유
2332,마른미역
2333,파인애플후르츠
2334,스프라이트
2335,얼린딸기
2336,얼린바나나
2337,채썬 당근
2338,[소스] 우유
2339,돼지껍데기
2340,판젤라틴
2341,바닐라익스트랙
2342,묵
2343,사라다빵
2344,감자큰거
2345,피클다진거
2346,[갈릭치즈피자]다진마늘
2347,슈레드모짜렐라치즈
2348,[콘샐러드]옥수수통조림
2349,빵가루 (종이컵 기준)
2350,토마토 소스 (종이컵 기준)
2351,계란(실온보관)
2352,[육수]다시마
2353,국물용멸치
2354,마른새우
2355,[양념] 들기름
2356,[양념장]간장
2357,(닭봉소스) 진간장
2358,(샐러드소스) 마요네즈
2359,[양념] 소금
2360,[양념장] 들깨가루
2361,베이비채소
2362,[된장소스] 미소된장
2363,다진참깨
2364,마요네즈(선택)
2365,생 모짜렐라 치즈
2366,통 삼겹
2367,말린황태
2368,물냉면육수
2369,10cmX10cm 크기의 다시마
2370,[부추양념] 고춧가루
2371,[마늘소스] 다진마늘
2372,단단한두부
2373,시판 가쓰오부시 우동
2374,민트
2375,떡볶이
2376,[소스] 쯔유
2377,우렁이살
2378,물전분
2379,한우양지
2380,샐러리대
2381,푸실리면
2382,통식빵
2383,불닭라면
2384,소불고기
2385,적상추
2386,또띠아(6인치)
2387,햄슬라이스
2388,참치작은걸
2389,옥수수콘(통조림)
2390,파프리카(홍색)
2391,건빵
2392,[메인재료] 애호박
2393,[양념] 참기름
2394,빨강파프리카
2395,다진청양고추
2396,라이스 페이퍼
2397,장조림
2398,우엉 장아찌
2399,춘장가루
2400,말린바질
2401,[국물] 물
2402,랩
2403,팥앙금
2404,[필수재료] 무
2405,[선택재료] 표고버섯
2406,[육수재료] 멸치
2407,[양념] 청국장
2408,[소스] 간장
2409,모듬견과류
2410,딸기 큰것
2411,생모짜렐라치즈
2412,새우(중하)
2413,페페로치노(이탈리안매운고추)
2414,통조림 홀토마토
2415,생토마토
2416,시판토마토소스
2417,마카다미아
2418,링귀니
2419,푸실리
2420,소고기 부채살
2421,슬라이스된 마늘
2422,슬라이스 마늘
2423,양장피면
2424,식초(또는 레몬즙)
2425,바닐라액
2426,레드색소
2427,베이컨(짧은것)
2428,오이(슬라이스)
2429,양파(작은 것)
2430,인스턴트밥
2431,쑥갓잎
2432,방앗간떡
2433,불고기용 소고기
2434,슬라잉스체다치즈
2435,새우중하
2436,마늘종
2437,명란(큰 것)
2438,[필수재료] 스팸
2439,[선택재료] 쪽파
2440,오코노미야키소스
2441,[양념] 후춧가루
2442,스팸(작은것)
2443,닭고기(정육)
2444,소고기국거리용
2445,스테이크소스(돈가스소스)
2446,게살
2447,비엔나
2448,[달걀지단] 달걀
2449,로메인
2450,적겨자
2451,적근대
2452,베이컨(짧은 것)
2453,"영계닭 , 찹쌀 , 대추 , 마늘"
2454,"마트에서파는 삼계탕용 한방육수 , 마늘10~15개 , 대파 한줄반 , 대추"
2455,"스팸(베이컨,햄 등)"
2456,"쌈채소(케일,상추,치커리)"
2457,[양념] 다진마늘
2458,[마늘오일] 다진마늘
2459,베이크드빈즈
2460,코코넛가루
2461,건땡초
2462,크랩
2463,요구르트 드레싱
2464,[돈가스소스] 케첩
2465,유부초밥키트
2466,[필수재료] 떡
2467,김말이
2468,[선택재료] 다진견과류
2469,[양념장] 양파
2470,쪽파송송썬것
2471,소고기우둔살
2472,세척용 굵은 소금
2473,단호박 작은 사이즈
2474,볶음탕용 손질닭
2475,우동소스(쯔유)
2476,러이스페이퍼
2477,청*홍*적*오 피망
2478,청*홍*적피망
2479,봉지바지락
2480,칼국수생면
2481,시판 냉면육수(or 동치미국물)
2482,[선택재료] 달걀
2483,부순참깨
2484,양상추(작은것)
2485,식초(or레몬즙)
2486,사이다 (스파클링워터)
2487,소주 혹은 스미노프
2488,오징어먹물
2489,[초고추장] 고추가루
2490,파무침
2491,[소스] 마요네즈
2492,보리밥
2493,닭정육
2494,대파(큰것)
2495,레몬즙(or 식초)
2496,"허브(파슬리,바질,로즈마리,타임)"
2497,와사피
2498,[달래양념장] 달래
2499,국거리용 소고기
2500,올리고다
2501,시판용토마토소스
2502,삼겹살이나 목살
2503,바나나우유
2504,바나나맛 제티
2505,샐러드잎채소
2506,[선택재료] 대파잎
2507,꿀(or 메이플시럽)
2508,[돼지고기밑간] 소금
2509,[양념장] 대파
2510,[반세오] 쌀가루
2511,돼지고기(안심)
2512,허브 솔트
2513,[양념] 간장
2514,갈비
2515,밤(없으면 생략가능)
2516,수삼이나 인삼가루약간
2517,감초
2518,풋마늘
2519,[장아찌소스] 물
2520,닭똥집
2521,다진 돼지고기
2522,토스트
2523,칠리플레이크
2524,부라더소다딸기맛
2525,애기송이버섯
2526,진미채
2527,고구마(큰 것)
2528,소고기불고기감
2529,달걀(노른자)
2530,젤라틴가루
2531,옥수수(통조림)
2532,슬라이스체다치즈
2533,[키위소스] 키위
2534,부순 참깨
2535,[필수재료] 양파
2536,우렁이
2537,[선택재료] 청양고추
2538,"[쌈밥재료] 양배추, 케일, 쌈채소"
2539,[장아찌양념] 물
2540,대파뿌리
2541,M&M초콜릿
2542,불고깃감 소고기
2543,미니취청오이
2544,샐러드용해초
2545,채썬 적양배추
2546,토르티야
2547,디저트와인(달콤한와인)
2548,소금 & 후추
2549,<고두밥>밥
2550,[필수재료] 마른미역
2551,[황태밑간] 다진마늘
2552,소고기다진것
2553,버섯크림소스
2554,라자냐
2555,플레인액상요구르트
2556,2% 우유
2557,체리
2558,주키니
2559,대파(다진것)
2560,휘핑크림(or 생크림)
2561,타바스코 소스
2562,다진
2563,화이트와인(or 맛술)
2564,[소스] 토마토
2565,강력분(or 중력분)
2566,인스턴드드라이스트
2567,[선택재료] 올리브
2568,데리야키 소스
2569,파르펠레
2570,돼지앞다리살
2571,슬라이스된마늘
2572,수취리떡
2573,구멍뚫린 어묵
2574,일식돈까스소스
2575,핫식스
2576,청포도음료(자신이 원하는 음료)
2577,베리믹스
2578,[소스양념] 간장
2579,콩
2580,라임(없으면 레몬으로 대체)
2581,탄산수한병
2582,통새우
2583,다진 피클
2584,파인애플즙
2585,가리비관자
2586,붉은고추
2587,준치살 혹은 흰살생선
2588,마가린
2589,색파프리카
2590,고춧가루 `
2591,훈제닭가슴살1팩
2592,토마토슬라이스
2593,양상추(로메인상추쓰시면 더욱좋아요.)
2594,미림이나 소주
2595,페퍼론치노
2596,돼지불고기용
2597,대패 삼겹살
2598,복분자
2599,감자(소)
2600,얼린 우유
2601,빼빼로
2602,김밥 김
2603,상추 간
2604,머핀믹스
2605,참깨소스
2606,소불고깃감
2607,[양념] 고춧가루
2608,토마토 中
2609,잡채라면
2610,쇠고기 불고기용
2611,불고기소스
2612,소고기 스테이크용
2613,삶은고구마
2614,다진피클
2615,명란
2616,사각어묵
2617,[멸치육수] 다시마(5cm)
2618,[떡볶이소스] 간장
2619,[간장소스] 물
2620,[절임물] 오미자액
2621,[통조림] 죽숙
2622,매운 고추장
2623,매운 고춧가루
2624,쓰리라차 소스
2625,시판용 크림소스
2626,카옌페퍼 혹은 매운 고춧가루
2627,[초절임주스] 물
2628,[불고기양념] 간장
2629,[선택재료] 슈가파우더
2630,나초
2631,치킨 너겟
2632,편의점 족발
2633,보쌈
2634,2%우유
2635,식물성기름
2636,다시마 큰크기
2637,대파파란부분
2638,고두밥
2639,도시락김
2640,시판즉석떡볶이
2641,[양념장] 설탕
2642,녹차티백(or 가루녹차)
2643,손질어징어
2644,생바지락살
2645,숭어회
2646,들깨가루(이건 고소하게 드실분만 넣으세요.)
2647,견과루
2648,[양념] 버터(or 올리브유)
2649,[양념] 물
2650,다시마(5cm)
2651,사과즙
2652,맛살(크래미)
2653,[소스] 소금
2654,생쌀
2655,양파(작은것)
2656,당근(중간것)
2657,사과음료
2658,자몽즙
2659,[양념] 설탕
2660,세모가사리
2661,[냉채양념] 식초
2662,[무절임양념] 식초
2663,치킨파우더
2664,돌김
2665,쯔유(국시장국)
2666,[절임물] 간장
2667,양지
2668,동치미
2669,작은 브로콜리
2670,[육수재료] 국물용 멸치
2671,샐러드용채소
2672,닭가슴살(or베이컨)
2673,골뱅이(작은것)
2674,[선택재료] 삶은달걀
2675,[비빔장] 사과
2676,[초계육수] 냉면육수
2677,[부재료] 사과
2678,[가루류] 천일염
2679,다크초콜렛
2680,시리얼(안단것)
2681,아몬드 다진거
2682,오징어작은거
2683,쌈추
2684,꽁치캔
2685,파프리카 (미니파프리카 10개정도)
2686,레몬청
2687,옐로우 파프리카
2688,모밀쯔유
2689,5x5 크기의 다시마
2690,쪽파뿌리
2691,웨지감자
2692,믹스치즈
2693,치아바타빵
2694,연어슬라이스
2695,콘옥수수
2696,완숙 햇토마토
2697,칠리토마토과육 캔
2698,스위스치즈슬라이스
2699,현미
2700,바베큐솔트
2701,김치 국물
2702,플레인요구르트
2703,찌개두부
2704,미소된장(크게)
2705,3분 미트볼
2706,타이칠리페이스트
2707,코코넛밀크
2708,팬케이크믹스
2709,콩나물(1봉)
2710,가래떡(or 절편)
2711,버크셔K 떡갈비
2712,치츠
2713,[간장조림소스] 간장
2714,[선택재료] 토마토
2715,통조림옥수수
2716,[양념] 마요네즈
2717,들기름(or 참기름)
2718,3분짜장
2719,이태리파슬리
2720,또띠아12인치
2721,살라미슬라이스
2722,넓은쌀국수
2723,중국브로컬리(청경채대체가능)
2724,인절미
2725,꿀 (또는 물엿)
2726,볶은콩가루
2727,감동란
2728,샐러드(류)
2729,식초 (취향에 따라 조절)
2730,설탕 (취향에 따라 가감)
2731,흰살생선
2732,dhdl
2733,[겨자소스] 연겨자
2734,겨자분
2735,흰쌀밥
2736,데리야키소스
2737,파인애플스틱
2738,다진생강이나 생강가루
2739,청 피망
2740,노란 피망
2741,춘권피
2742,파프리카(노란색)
2743,파프리카(빨간색)
2744,[양념] 쌈장
2745,돼지고기(or소고기구이용)
2746,[선택재료] 양송이버섯
2747,[고기밑간] 청주
2748,[소스] 다진마늘
2749,우스터소스(or 간장)
2750,골뱅이 통조림 큰 것
2751,대하
2752,(통조림)삶은콩
2753,[양념] 올리브유
2754,[선택재료] 버터
2755,휘핑크림(생크림)
2756,망고주스
2757,대차
2758,[드레싱] 식초
2759,또띠아(중간사이즈)
2760,체더치즈
2761,"해물(오징어,새우,홍합)"
2762,"숏파스타(마카로니,푸실리,펜네 등)"
2763,돼지고기 앞다리
2764,슬라이스 아몬드
2765,슬라이스햄(or 베이컨)
2766,[토마토살사소스] 시판살사소스
2767,[나초치즈소스] 시판 치즈소스
2768,[플레인요거트] 시판 요거트
2769,스위트칠리소스(or 토마토소스 or 케찹)
2770,[선택재료] 파마산치즈가루
2771,부리또
2772,[후추크림치즈] 크림치즈
2773,타이고추
2774,상추쌈
2775,시판갈비양념
2776,닭 중간크기
2777,삼계한방팩
2778,인삼
2779,흰쌀
2780,얼갈이배추
2781,10인치 또띠아
2782,불린당면
2783,간장양념
2784,불린고춧가루
2785,부순땅콩
2786,[선택재료] 태국고추
2787,[양념] 황설탕
2788,레몬쥬스(or 라임즙)
2789,편의점떡볶이
2790,[양념] 까나리액젓
2791,병아리콩
2792,[선택재료] 파인애플
2793,[드레싱] 꿀
2794,시판커리
2795,닭안심(or 닭가슴살)
2796,한약재팩
2797,[살사소스] 토마토
2798,[냉채소스] 식초
2799,감귤쥬스
2800,긴소세지
2801,흰대파
2802,콩기름
2803,자투리채소
2804,[선택재료] 베이컨
2805,멸치(국물용)
2806,[양념] 국간장
2807,레드파프리카
2808,머핀
2809,인스턴트커피
2810,만가닥버섯
2811,미림(맛술)
2812,콩비지
2813,다진두부
2814,붉은파프리카
2815,후르츠 칵테일
2816,후르츠 칵테일 시럽
2817,[초간장] 간장
2818,모닝롤
2819,간돼지고기(없어도무난)
2820,부추다진거
2821,김(삼각김밥용)
2822,동그랑땡(냉동)
2823,갈은돼지고기
2824,샌드위치햄 (생식용)
2825,돼지고기다짐육
2826,칼국수
2827,고추 (청양고추)
2828,페투치니면
2829,자숙새우
2830,농축치킨스톡
2831,빙수팥
2832,팥빙수 떡
2833,다진바질
2834,다진할라피뇨
2835,소시지 or 햄
2836,자두
2837,수프분말
2838,오리로스
2839,맑은사케
2840,갈릭버터
2841,차이브
2842,스팀랍스터
2843,다진마늘오일
2844,로메인토마토
2845,로즈메리
2846,간생강
2847,두반장(대체 된장1+고춧가루1+식초1)
2848,소고기(육회용)
2849,[육회양념] 참기름
2850,[육수양념] 냉면육수
2851,(시판)수제비
2852,"쌈채소(상추,깻잎,치커리 등)"
2853,(선택재료) 달걀
2854,[비빔장] 간장
2855,건 표고버섯
2856,수제비
2857,(토스트재료)식빵
2858,(토스트재료)햄
2859,(토스트재료)허니머스타드
2860,(토스트재료)양상추
2861,(토스트재료)칠리소스
2862,(토스트재료)달걀
2863,(딸기스무디재료)냉동딸기&딸기
2864,HONEY POWDER
2865,야채참치
2866,장어
2867,무or감자
2868,초코맛아이스크림콘
2869,"쌈채소 (치커리, 비트잎 등)"
2870,파프리카 小
2871,양파다진것
2872,[밥물재료] 물
2873,[선택재료] 다시마
2874,[양념장] 굵게다진파
2875,부순참개
2876,빙수용조림팥
2877,찹쌀떡
2878,[선택재료] 녹차가루
2879,연유(or 시럽)
2880,[고추기름] 식용유
2881,[볶음밥용쌈장] 쌈장
2882,고구마분말
2883,시금치분말
2884,석류분말
2885,삼치
2886,짬뽕라면
2887,치즈 불닭볶음면
2888,쫄면사리
2889,불골뱅이
2890,쫄면장
2891,소고기(스테이크용)
2892,계란(노른자)
2893,[데리야끼소스] 간장
2894,다시마물(or 닭육수)
2895,햄버그스테이크
2896,밥이랑 치즈맛
2897,[장아찌소스] 간장
2898,[콩국크림소스] 콩국물
2899,밀가루(중력분)
2900,매운소시지
2901,말린 파슬리
2902,돼지고기갈은거
2903,데미글라스
2904,완두콩삶은것
2905,양고기
2906,마늘분말
2907,<일본식양념장어구이>장어
2908,호밀식빵
2909,건황태
2910,가나초콜릿
2911,초콜릿시럽
2912,데코과일
2913,<팥빙수팥>팥
2914,미숫가루
2915,<팥빙수떡>떡
2916,우동사리면
2917,야키소바소스
2918,훈제연어슬라이스
2919,삽겹살
2920,오미자액
2921,양파슬라이스
2922,소금간
2923,올라고당
2924,닭 허벅지 살
2925,핫도그번
2926,스테이크소스(or 돈가스소스)
2927,"견과류(캐슈넛,아몬드,호두,피칸)"
2928,명란(큰것)
2929,파슬리(or 바질)
2930,크루아상
2931,갈릭마요소스
2932,"소금, 후춧가루"
2933,토마토스파게티소스
2934,미원
2935,순후추가루
2936,전분물
2937,건 고추
2938,홍석천 매운해물볶음면
2939,작은감자
2940,쿠스쿠스
2941,엑스트라버진올리브오일
2942,우둔살
2943,파프리카 가루
2944,카옌 페퍼
2945,카펠리니면
2946,그라나파다노 치즈
2947,레몬쥬스
2948,참외
2949,파스타 면
2950,갈매기살
2951,슬라이스양파
2952,슬라이스대파
2953,백설 쿠킷
2954,통새우튀김
2955,조림우엉
2956,[선택재료] 당근
2957,[소스] 고추냉이
2958,레모나비타민
2959,골뱅이 통조림
2960,캐러멜 시럽
2961,브라우니
2962,다시팩
2963,[돼지고기양념] 간장
2964,[미소육수] 다시마육수
2965,통조림참치
2966,다진당근
2967,[소스재료] 채썬양파
2968,하이라이스가루
2969,동태살
2970,빵가루`
2971,오리고기
2972,[와사비소스] 와사비
2973,[배합초] 식초
2974,물(탄산수)
2975,"버섯(표고버섯,느타리버섯)"
2976,[육수재료] 물
2977,풋호박
2978,[선택재료] 청고추
2979,들기름 or 참기름
2980,[필수재료] 부추
2981,[반죽재료] 고추장
2982,부침가루(or 밀가루)
2983,[두부밑간] 소금
2984,[조림장] 어슷썬대파
2985,[양념] 식용유
2986,청소(or 맛술)
2987,(빙수용)팥조림
2988,[선택재료] 계피가루
2989,[깐풍소스] 고추기름(or 식용유)
2990,큐브치즈
2991,항정살
2992,파인애플슬라이스
2993,손질냉동주꾸미
2994,체다슬라이스
2995,큰 소세지
2996,숏파스타(파르팔레)
2997,떡볶이컵
2998,빙수
2999,해산물 (오징어)
3000,소금 후춧가루
3001,스위트콘 국물
3002,배음료
3003,땅콩분태
3004,코코넛칩
3005,양파(큰것)
3006,[양념장] 고추장
3007,타바스코
3008,나초치즈
3009,살사소스
3010,그린올리브
3011,[볶음고추장] 고추장
3012,사골라면
3013,둥근김밥
3014,라면용 모짜렐라치즈
3015,컵라면
3016,청양 고춧가루
3017,갈은 돼지고기
3018,스팸작은거
3019,소세지큰거
3020,시판용닭볶음탕소스
3021,마른 홍고추
3022,얇은 삼겹살
3023,폰즈소스
3024,콕콕콕스파게티
3025,오모리김치찌개라면
3026,편의점두부
3027,물엿 또는 아가베시럽
3028,소고기(구이용)
3029,밀가루(or 튀김가루)
3030,[규카츠소스] 우스타소스
3031,[계란소스] 계란
3032,찌개용두부
3033,만두(작은 것)
3034,녹말(or 전분가루)
3035,새우살(or 볼어묵)
3036,[선택재료] 대파
3037,(채썬)돼지고기
3038,매운라면
3039,[선택재료] 토마토케찹
3040,취나물
3041,[양념] 된장
3042,닭가슴살 진공팩(훈제 팩 추천)
3043,편의점에 파는 라면용 피자치즈
3044,간장(조미 닭가슴살이면 1t 또는 안넣으셔도 됩니다)
3045,"카레가루(선택사항, 덜 맛있겟지만 없으면 안넣으셔도 됩니다.)"
3046,초코칩
3047,캐쳡
3048,춘장기름
3049,초벌막창
3050,마늘가루
3051,바게뜨빵
3052,갈은돼지
3053,감자수제비
3054,불린콩
3055,청양고추 (혹은 청고추)
3056,닭 근위
3057,케슈넛
3058,멸치다시팩
3059,밀가루(박력분)
3060,[깐풍소스] 물
3061,미림(청주)
3062,우민찌
3063,햇감자
3064,[육수] 다시마(5cm)
3065,생면사리
3066,저염명란
3067,대파(쪽파)
3068,우유(생크림)
3069,[소스] 시판토마토소스
3070,홍고추/청고추
3071,고형분하이라이스
3072,잉글리쉬머스타드
3073,소금 후추
3074,감자칩
3075,후랑크소시지
3076,츄러스믹스
3077,오뚜기미트볼
3078,치토스
3079,시판 불고기소스
3080,시판 메밀국수
3081,계란(흰자)
3082,사과잼
3083,양파(중간크기)
3084,말린녹차가루
3085,[튀김용소스] 굴소스
3086,돈가스소스(or 갈비양념)
3087,"마스카포네치즈(or 리코타치즈, 크림치즈)"
3088,[양념] 들기름 or 참기름
3089,어묵과유부
3090,[선택재료] 쑥갓
3091,미니쥐포
3092,[선택재료] 홍고추
3093,호두아이스크림
3094,죠리퐁
3095,빨간색소
3096,고구마무스
3097,남은 스테이크
3098,파절이
3099,블랙커피믹스
3100,코코넛오일
3101,흙애서 병아리콩
3102,갈비살
3103,다짐육
3104,무가당생크림
3105,각종 야채
3106,레몬즙 or 식초
3107,말차가루
3108,모둠어묵
3109,4~5종류의 버섯
3110,샤브용소고기슬라이스
3111,갓김치 1패키지
3112,흙애서 렌틸콩
3113,"고구마, 감자, 양파, 당근, 버섯, 파프리카, 브로콜리"
3114,홍피만
3115,주황 파프리카
3116,조랭이 떡
3117,명엽채
3118,[시럽] 황설탕
3119,스파게티 면
3120,흙애서 서리태
3121,"흑설탕,물,소금"
3122,"밤, 대추"
3123,크렌베리쥬스
3124,리치통조림
3125,풋사과
3126,초코펜
3127,화이트초콜렛
3128,시솔트
3129,코다리
3130,밀떡
3131,손질절단꽃게
3132,카레분말
3133,숏파스타
3134,데친 고사리
3135,자숙문어다리
3136,코코넛비네가
3137,흙애서 백미
3138,오이&호박&새송이버섯&당근
3139,참기름&소금&깻가루
3140,제철과일
3141,흙애서 볶은 아마씨
3142,계란 흰자
3143,불닭통조림
3144,봉희설렁탕
3145,햇반반공기
3146,위대한버거
3147,볶음김치
3148,죠스떡볶이
3149,샤오롱만두
3150,다시포
3151,해물다시다
3152,통조림 참치
3153,생 만두피
3154,양배추 작은 것
3155,육수용 국물재료
3156,가루한천
3157,과일잼
3158,굵은 천일염
3159,소바누들
3160,모듬 샐러드채소
3161,쇠고기 등심
3162,롤라로사
3163,청치커리
3164,그린비타민
3165,베이비야채
3166,발사믹 크림
3167,얼갈이 배추
3168,김밥용 우엉
3169,김밥용 햄
3170,튀김가루+밀가루
3171,레토르트 사골
3172,"국물용 재료(월계수, 통후추, 파뿌리, 양파, 무 등)"
3173,펜네
3174,레드와인비네가
3175,퀴노아
3176,슬라이스올리브
3177,녹차잎
3178,쟌슨빌 소세지
3179,오스카 마이어 베이컨
3180,흙애서 적두
3181,설탕(흑)
3182,샌드위침 햄
3183,치커리or양상추
3184,설탕소금
3185,말린표고버섯
3186,흙애서 볶은 통곡물
3187,"땅콩 볶은것, 아몬드, 건포도"
3188,돼지고기 다짐육
3189,GMF 비빔밥 만두
3190,쯔유(없다면 간장+설탕 반큰술)
3191,손질갑오징어
3192,줄기콩
3193,치킨스톡큐브
3194,드라이 바질
3195,[크레페 반죽] 밀가루
3196,설탕 혹은 꿀이나 올리고당
3197,후리카게(선택)
3198,대파 채썬 것(선택)
3199,육회용 고기
3200,꿀 혹은 올리고당
3201,후리카게
3202,"식용유(까놀라유, 포도씨유 등)"
3203,파마산 치즈가루(선택)
3204,갈릭파우더(대형마트에서 쉽게 구할 수 있습니다.)
3205,식초(레몬즙)
3206,타히니페이스트
3207,쿠민파우더(후추)
3208,튀김 가루
3209,머스타드 소스
3210,냉동 소막창
3211,육수용 재료
3212,매운 고추
3213,토마토 슬라이스
3214,[홀그레인 머스터드 소스] 마요네즈
3215,옐로우 머스터드
3216,홀그레인 머스터드
3217,페페로치니(또는 월남고추)
3218,할라피뇨(절임)
3219,드라이 파슬리
3220,(시판)치킨스톡
3221,시나몬 파우더
3222,[사이드 메뉴] 후랑크 소시지
3223,[달걀 물] 달걀
3224,시판 토마토소스
3225,홀할라피뇨
3226,소금과 후추
3227,통조림 골뱅이
3228,시판 초콜릿
3229,토핑용 말린 과일 및 견과류
3230,시판감자수제비
3231,면삶기용물
3232,멸치다시포
3233,미니 통식빵
3234,칵테일 새우 또는 대하
3235,왕교자
3236,스파게티면 또는 파스타면
3237,쿠킹클래스 자세한 신청 정보는 '신청하기'를 클릭해주세요
3238,참석자 전원에게는 2만원 식사권이 제공됩니다
3239,쿠킹클래스 자세한 신청 정보는 '신청하기'를 클릭해주세요!
3240,마트양념불고기
3241,메밀국수면
3242,시판냉면육수
3243,흙애서 꿀고구마
3244,[토마토 소스] 시판 토마토 홀(캔)
3245,특수야채(로메인
3246,치커리)
3247,쌀떡
3248,돼지뒷다리살
3249,사리용 당면
3250,깻 잎
3251,인스턴트 드라이이스트
3252,노란피망
3253,땅콩분태 혹은 아몬드슬라이스
3254,짜장가루
3255,당근채썬거
3256,대파슬라이스
3257,옛날소세지
3258,매운건고추
3259,구운소금
3260,다진 돼기고기
3261,다진 새우살
3262,꼬깔콘 새우마요맛
3263,계란과자
3264,허쉬초코우유
3265,오트밀
3266,소금(천일염)
3267,건조 크랜베리
3268,넓적당면
3269,넓은당면
3270,흙애서 치아씨드
3271,쇠고기 국거리
3272,다진 쇠고기
3273,코로나
3274,호가든
3275,기네스
3276,게란
3277,흰떡
3278,동남아 칠리소스
3279,[마요네즈 소스] 마요네즈
3280,소고기(양지)
3281,토란
3282,[양념] 고추기름
3283,무가당 생크림
3284,불린 시래기
3285,"스팸햄,참치"
3286,"치즈,볶음김치"
3287,"밥,조미김,참기름,깨"
3288,생크림+우유
3289,버터+밀가루
3290,낫또
3291,따뜻한 우유
3292,따뜻한 생크림
3293,각종 잎채소
3294,오레오오즈
3295,코팅용초콜릿
3296,불린 녹두
3297,바닐라엑스트라
3298,흙애서 오트밀
3299,돈가쓰 소스
3300,시판 감자튀김
3301,갈릭파우더
3302,나쵸치즈소스
3303,구이용 소고기
3304,바비큐 소스
3305,시판 우동
3306,소양지살
3307,소고기(불고기용)
3308,특수야채(또는 쌈채소)
3309,[불고기 양념] 양조간장
3310,누꼴라
3311,시판 토마토 소스
3312,스프링클스
3313,어린 아루굴라 잎
3314,남은젓갈양념
3315,백미밥
3316,밥이랑 버터
3317,옥수수국수
3318,콘씨리얼
3319,BBQ소스
3320,다시육수
3321,페퍼로니햄
3322,고운고추가룬
3323,생 닭
3324,흙애서 녹두
3325,부추(또는 파)
3326,맛타리버섯
3327,소양지
3328,삶은 얼갈이
3329,방울빵
3330,초코정크
3331,"김, 계란, 오이1, 당근반개, 단무지, 햄, 오뎅, 크레미,우엉"
3332,"참치, 마요네즈, 깻잎"
3333,디종 머스터드
3334,홀그레인머스터드
3335,조선호박
3336,전분 물
3337,시트러스 과일
3338,백도 통조림
3339,과일쥬스
3340,리큐르 혹은 과일시럽
3341,[스테이크 소스] 물
3342,피클 슬라이스
3343,[패티 양념] 다진 양파
3344,[스파이시 소스] 하인즈 칠리소스
3345,도토리
3346,고춧가루 큰술
3347,피클홀
3348,남은 신전떡볶이
3349,신전떡볶이 남은 것
3350,소금 (또는 설탕)
3351,토마토스스
3352,엠앤엠즈 초콜릿
3353,프레첼과자
3354,바닐라설탕
3355,콘치즈
3356,불짬뽕
3357,오모리김치찌개소스
3358,호떡
3359,매운소세지
3360,씻은 김치
3361,손질 미니갑오징어
3362,"(냉동)삼겹살,청양고추5, 꽈리고추10,물"
3363,"다진마늘1T, 설탕1T,간장 1/3컵(종이컵),파,깨"
3364,슬라이스블랙올리브
3365,닭 정육
3366,카레가루 혹은 큐브
3367,올리고당 혹은 설탕
3368,훈제 혹은 생닭가슴살
3369,케이준 파우더
3370,야채만두
3371,생새우살
3372,뜨거운물 (또는 분유)
3373,참기름`
3374,칠리소세지
3375,(삶은)양배추
3376,(삶은)고구마
3377,(데친)시금치
3378,[간장 드레싱] 마늘
3379,화이트와인식초
3380,팬네
3381,청피망 개
3382,정종(또는 화이트와인)
3383,손질낙지
3384,다크커버춰
3385,바닐라 익스트랙
3386,소스
3387,채 썬 깐도라지
3388,죽순
3389,미니 갑오징어
3390,꼬막살
3391,오징어몸통
3392,귀리
3393,비엔나 소세지
3394,다진 파프리카
3395,하얀 슬라이스 치즈
3396,포춘슬립
3397,냉동손질관자
3398,알프레도크림소스
3399,아루굴라잎
3400,샬롯
3401,스냅콩
3402,치즈믹스
3403,야채크래커
3404,말랑카우
3405,호밀빵 혹은 베이글
3406,마요네즈 혹은 머스터드
3407,날치아
3408,우스타 소스
3409,파슬리 혹은 파래
3410,(선택) 계란
3411,(선택) 밀가루
3412,꼬들밥
3413,오코노미야끼소스 (or 돈까스소스)
3414,남은치킨
3415,(소스) 초고추장
3416,(소스) 고추장
3417,벌집삼겹살
3418,핫베이크가루
3419,미니 새송이 (또는 양송이 1개)
3420,[양념] 다진 마늘
3421,블루베리 잼
3422,핫도그 빵
3423,닭고기안심
3424,미니브로콜리
3425,황파프리카
3426,소고기국거리
3427,꽃맛살
3428,다진 땅콩
3429,페퍼로니피자
3430,식용꽃
3431,주스
3432,술
3433,복숭아통조림
3434,율무
3435,다진고추
3436,통조림복숭아
3437,냉동족발
3438,치즈스틱
3439,케음⃞
3440,난
3441,포도쥬스
3442,카레가루 혹은 카레큐브
3443,맛술 혹은 화이트와인
3444,칠리
3445,반건조 오징어
3446,매실
3447,시판 바질페스토
3448,갈은소고기
3449,복분자(냉동)
3450,쇠고기 양지
3451,훈제오리
3452,또띠아(작은사이즈)
3453,파프리카 3색
3454,콩고물 가루
3455,갈비천왕 치킨
3456,파닭용 파채
3457,왕중왕소스
3458,다진 청양고추
3459,다진 홍고추
3460,통밀쿠키
3461,요커트
3462,들깨
3463,녹두
3464,명란젓 3덩이
3465,계란 1개
3466,후리카게 약간
3467,돼지고기 다진것
3468,통유부
3469,모듬 어묵
3470,계란 2개
3471,참치통조림 큰것 1개
3472,생크림(우유)
3473,돈가스소스 2큰술
3474,레몬즙 2큰술
3475,레몬 반개
3476,돈가쓰소스
3477,냉장 순대
3478,사리곰탕라면스프
3479,대파 약간
3480,말린 크렌베리
3481,럼
3482,버터 80g
3483,달걀물
3484,슬라이스 치즈 1장
3485,돈까스
3486,돈까스 소스
3487,다진 쪽파
3488,청하
3489,멸치 액젓
3490,국수 소면
3491,조미 김
3492,[다대기 양념] 다진마늘
3493,건크렌베리
3494,감귤
3495,매실액 또는 오미자액
3496,감자 작은 것
3497,튀김유
3498,케이준파우더
3499,육회용 소고기
3500,뜨거운 밥
3501,그린 올리브
3502,토마토 스파게티 소스
3503,말린 바질
3504,모짤렐라 치즈
3505,녹인 버터
3506,가다랑어
3507,트러플소스
3508,트러플오일
3509,돼지 등갈비
3510,진마늘
3511,젤리
3512,박력분 30g
3513,비엔나 소시지
3514,팬케이크
3515,케이크시럽
3516,야끼밥
3517,멸치볶음
3518,새우 중하
3519,통조림 토마토
3520,대파잎
3521,시판 감자수제비
3522,블랙 올리브
3523,마른 새우
3524,후레쉬모짜렐라
3525,따뜻한 밥
3526,치킨 파우더
3527,오꼬노미야끼 소스 혹은 돈가쓰 소스
3528,우엉+단무지
3529,부침용 밀가루
3530,청*홍고추
3531,녹채소
3532,통조림햄
3533,부순
3534,토마토 1개
3535,무 1/2개
3536,청/홍고추
3537,쇠고기 국거리용
3538,자투리 채소
3539,과일
3540,삶은 우거지
3541,통베이컨
3542,감자만두
3543,오리훈제
3544,총각김치
3545,알(Tobiko)
3546,딸기쨈
3547,청
3548,매실장아찌
3549,후랑크 소시지
3550,렐리쉬
3551,소고기 안심
3552,올리브 유
3553,마른 표고버섯
3554,쇠고기(불고기용)
3555,[쇠고기 양념] 양조간장
3556,[곁들인 간장 양념] 간장
3557,[초고추장 양념] 다진마늘
3558,콘푸로스트
3559,올리고당 혹은 꿀
3560,건매생이
3561,소금. 후추
3562,갈은깨
3563,다진생각
3564,건 세모가사리 해초
3565,홍초
3566,고추장고기볶음
3567,떡국용떡
3568,키위 드레싱
3569,옥수수 콘
3570,양차
3571,머위대
3572,다진마늘  참기름 약간
3573,다진 당근
3574,모양 떡
3575,냉면 육수
3576,"애호박  , , ,"
3577,아몬드분태
3578,호두분태
3579,황색설탕
3580,쌈 무
3581,다진 돼지고기 혹은 소고기
3582,쪽파 파란 부분
3583,케이준 파우더 혹은 타코 시즈닝 믹스
3584,돼지고기 통삼겹
3585,잡내 제거용 재료
3586,생크림 혹은 우유
3587,골드키위
3588,다진 호두
3589,다양한 맛의 아이스크림
3590,토핑용 견과류나 초콜릿
3591,한우 채끝
3592,포도알
3593,그라나파나노
3594,멸치다시다
3595,사골곰탕육수
3596,손두부
3597,잔멸치
3598,해물라면
3599,고구마(중)
3600,쇠고기(양지)
3601,샐러드드레싱 또는 발사믹크림
3602,까나리 액젓
3603,돈등심
3604,생소면
3605,쇠고기 우둔살
3606,치커리차말린것
3607,통조림 꽁치
3608,삶은 감자
3609,냉동 만두
3610,라면 사리
3611,사골 육수
3612,알감자 혹은 감자
3613,말린 허브
3614,우유나 생크림 종이컵
3615,나쵸치즈
3616,닭(볶음탕용) 한마리
3617,고구마 1개
3618,감자 1개
3619,당근 1개
3620,대파 3 뿌리
3621,양파 1개
3622,피자치즈 두줌
3623,물 1 컵
3624,맛술 반 컵
3625,간장 반 컵
3626,설탕 3 큰술
3627,참기름 약간
3628,후추 약간
3629,생강(가루) 약간
3630,다진 마늘 반 큰술
3631,다진 파 8 큰술
3632,통깨 약간
3633,당면 약간
3634,닭다리살 정육 350g
3635,양송이 8개
3636,버터 6 큰술
3637,밀가루 3 큰술
3638,우스타 소스 2 큰술
3639,케첩 1 큰술
3640,돈가쓰 소스 1 큰술
3641,비프스톡 1 큰술
3642,올리고당 1 큰술
3643,설탕 0.5 큰술
3644,아구
3645,오징어다리
3646,디캡홍차티백
3647,머쉬멜로
3648,감태
3649,우렁
3650,청주(미림)
3651,플레인 요쿠르트
3652,[딸기 시럽] 딸기
3653,정수물
3654,웨하스
3655,남은엽떡
3656,데친 콩나물
3657,청양고춧가루
3658,핵불닭볶음면
3659,화이트커버춰초콜릿
3660,건조과일
3661,번데기
3662,"메밀면(또는 소면, 중면)"
3663,델큐브 치즈
3664,콜리플라워
3665,모듬샐러드채소
3666,쉘초콜릿(화이트)
3667,쉘초콜릿(초코)
3668,튜브형 가나슈
3669,튜브형 헤이즐넛크림
3670,다크커버처초콜릿
3671,초코펜(화이트)
3672,초코펜(핑크)
3673,초코펜(초코)
3674,위스키
3675,복분자주
3676,소고기다짐육
3677,새우튀김
3678,마른 반찬
3679,플레인 크림치즈
3680,볼어묵
3681,튀김용 식용유
3682,[설탕 시럽] 설탕
3683,[양념장] 물
3684,녹말 가루
3685,등뼈 2 kg
3686,우거지 혹은 시래기 적당량
3687,대파 2 뿌리
3688,감자 3 개
3689,들깨 가루 3 큰술
3690,콩 가루 2 큰술
3691,된장 4 큰술
3692,고춧가루 4 큰술
3693,매실액 1 큰술
3694,돼지 육수 8 큰술
3695,맛술 1 큰술
3696,생강가루 혹은 즙 약간
3697,다진마늘 1 큰술
3698,소금 1 큰술
3699,국간장 1 큰술
3700,간장(밑으론 겨자소스) 3 큰술
3701,겨자 1 큰술
3702,식초 3 큰술
3703,레몬즙 1 큰술
3704,라면 2개
3705,숙주 적당량
3706,레토르트 사골육수 1L
3707,차돌박이 150g
3708,된장 1 큰술
3709,소금 후추 적당량
3710,쪽파 약간
3711,들기름 약간
3712,비비빅아이스크림
3713,통밀빵
3714,파스타(페투치니)
3715,돼지고기 수육용
3716,설탕+올리고당
3717,무 반 개
3718,식초 0.7 – 1컵
3719,설탕 1 컵
3720,물 4 큰술
3721,소금 0.7 큰술
3722,와사비 1 큰술
3723,쌈추 혹은 상추
3724,화이트 와인 혹은 보드카 혹은 소주 4
3725,CU 자이언트 빨간순대
3726,라면치즈
3727,참치마요삼각김밥
3728,콘프라이트
3729,튀김가루 (or 부침가루)
3730,아롱사태
3731,인스턴트잡채
3732,견과류분태
3733,조청 혹은 물엿 5 큰술
3734,굴소스 0.5 큰술
3735,삼계탕 한방재료
3736,생강차
3737,쌍화차분말
3738,핫칠리소스
3739,뜨거운
3740,파래
3741,매생이말린것
3742,참기름과 매실액
3743,파프리카(1개)
3744,다싯물
3745,빨강 파크리카
3746,[초장] 고추장
3747,[달래장] 달래
3748,보리
3749,면
3750,파마산
3751,닭강정
3752,달걀훈제
3753,미니돈까스
3754,남은 전
3755,다시마 우린 물
3756,붉은 파프리카
3757,[간장] 양조간장
3758,매생이
3759,데친 시금치
3760,쌀죽
3761,불린 고사리
3762,가래떡 또는 떡볶이떡
3763,등뼈
3764,치킨까스
3765,불닭볶음탕면
3766,상추(or 깻잎)
3767,돼지다짐육
3768,브런치햄
3769,치즈슬라이스
3770,하인즈 (시판)칠리소스
3771,중력밀가루
3772,쇠고기채끝
3773,돼지 등심살
3774,닭고기다시다
3775,우럭
3776,김밥용 햄 한줄
3777,"소금, 설탕, 식초, 참기름, 식용유"
3778,배즙
3779,미트소스
3780,[비빔양념장] 고추장
3781,육수용재료
3782,불닭볶음면소스
3783,후추와 다진마늘
3784,국거리소고기
3785,감자깡
3786,봉봉
3787,(선택) 얼음
3788,마른대추
3789,말린 도라지
3790,말린 생강
3791,크림(18%)
3792,대파 흰부분
3793,"견과류(아몬드, 호두, 캐슈넛)"
3794,[양념장] 다진마늘
3795,매실 액기스
3796,생크림(18%)
3797,우유(2%)
3798,시판 라면
3799,크림치즈 200g
3800,피자치즈 300g
3801,식빵 6 장
3802,계란 2 개
3803,밀가루 한 컵
3804,케이준파우더 혹은 고운 고춧가루 1 큰술
3805,쪽파 2 뿌리
3806,옥수수 4 큰술
3807,연유마요네즈소스 3 큰술
3808,연유 1 큰술
3809,반숙란
3810,조각 파인애플
3811,게맛살 크래미
3812,(볶음춘장) 춘장
3813,(고기양념) 다진마늘
3814,볶음너구리
3815,볶음깨
3816,대패 목심 또는 삼겹
3817,[장아찌 소스] 물
3818,불고기용소고기
3819,작은바게트
3820,돗나물
3821,칠리크랩면
3822,바베큐소스 혹은 돈가쓰소스
3823,잡내제거용 재료
3824,[불닭양념] 참기름
3825,돼지고기뒷다리살
3826,닭넓적다리살
3827,적&홍&노 파프리카
3828,18%크림
3829,밀크초콜릿
3830,[양념 장] 간장
3831,레드와인이나 미림
3832,찹쌀가루 혹은 쌀가루
3833,데미글라스소스
3834,"남은 짜투리채소(버섯, 파프리카)"
3835,분말스프
3836,모듬버섯
3837,백년초가루
3838,호박가루
3839,샤프란
3840,깐새우
3841,닭가슴살 혹은 닭 정육
3842,[소스재료]
3843,다진부추
3844,홀스레디쉬소스와 케이퍼
3845,핫도그 (핫바로 대체)
3846,찐만두
3847,코코볼
3848,단팥
3849,마른 표고버섯 슬라이스
3850,고물(카스테라)
3851,팥고물
3852,얇게썬 무와 당근
3853,쓰리라차
3854,(쯔유)
3855,페투치네
3856,익은김치
3857,돼지껍데기 400g
3858,기름 적당량
3859,소금 약간
3860,청상추 혹은 치커리
3861,[갈릭치킨양념]
3862,[고추장양념]
3863,쫑쫑썬 대파
3864,배주스
3865,양파 간 것
3866,소고기불고기용
3867,피꼬막
3868,[밑간 양념] 소금
3869,[양념소스] 다진마늘
3870,돼지고기 다진 것
3871,나쵸칩
3872,[고기양념]
3873,우스타소스
3874,[양념재료]
3875,"간장, 식초, 설탕, 고추"
3876,스파게티라면
3877,미트볼
3878,훈제닭다리
3879,참치마요면
3880,판 어묵
3881,등심돈가스
3882,수삼(굵은것)
3883,다진 소고기 혹은 돼지고기
3884,다진 마늘 2 큰술
3885,케첩 8 큰술
3886,설탕 1 티스푼
3887,피자치즈 약간
3888,도넛
3889,양배추 얇게 썰은거
3890,통참깨
3891,후레쉬모짜렐라치즈
3892,비엔나소세지
3893,삼색파프리카
3894,[드레싱] 오미자청
3895,포도씨오일
3896,발사믹리덕션
3897,무절임
3898,돼지안심(돈까스용)
3899,말린바질가루
3900,당근과 오이
3901,참기름과 후레이크
3902,소금과 설탕
3903,"양파, 파프리카"
3904,나물 무침
3905,콩가루 또는 밀가루
3906,샤부샤부용 소고기
3907,플레인 요거트(가당)
3908,짜장분말
3909,미소 된장
3910,큰 새우
3911,[덮밥소스]
3912,육회
3913,돼지고기 앞다리살
3914,전복장
3915,우유+생크림
3916,하프 마요네즈
3917,머스터트소스
3918,저염 슬라이스치즈
3919,피시소스
3920,말린미역
3921,사워도우슬라이스
3922,4색파프리카
3923,만두피 반 봉지
3924,갈릭파우더 3 큰술
3925,설탕 1.5 큰술
3926,파마산치즈가루 1 큰술
3927,파슬리 약간
3928,튀김가루 반 컵
3929,[치즈필링]
3930,[블루베리젤리]
3931,[블루베리콩포트]
3932,레몬즙 또는 식초
3933,바베큐소금
3934,필라델피아크림치즈
3935,[면수]
3936,분홍소시지
3937,청포묵
3938,[양념류] 버터
3939,[육수용] 드라이 오레가노
3940,[과일소스]
3941,[간장양념]
3942,고구마 말린것
3943,찜용 소갈비
3944,흑미밥
3945,다진채소
3946,우유:생크림
3947,"후추, 소금"
3948,소고기등심슬라이스
3949,[겨자소스]
3950,[양념류] 고추장
3951,사이다 혹은 탄산수 적당량
3952,와사마요볶음면
3953,맥도날드 불고기버거
3954,당면(1/2줌)
3955,당근(1/8개)
3956,부추(1/3줌)
3957,달걀(4개)
3958,설탕(1/2큰술)
3959,간장(1 1/2큰술)
3960,맛술(1큰술)
3961,다진 마늘(1/2큰술)
3962,소금(약간)
3963,참기름(1큰술)
3964,후추가루(약간)
3965,미나리(2줌)
3966,설탕(1큰술)
3967,고추장(2큰술)
3968,식초(2큰술)
3969,다진 마늘(1 1/2큰술)
3970,부순 참깨(1큰술)
3971,참기름(1 1/2큰술)
3972,양파와 케이퍼
3973,마요네즈+홀스레디쉬+꿀
3974,가지(1개)
3975,오이(1/2개)
3976,청고추(1개)
3977,홍고추(1/2개)
3978,고춧가루(1/2큰술)
3979,국간장(2큰술)
3980,식초(2 1/2큰술)
3981,설탕(2큰술)
3982,다진 마늘(1큰술)
3983,물(4컵)
3984,소금(1/6큰술)
3985,통깨(1/2큰술)
3986,부추 혹은 대파
3987,[육수양념]
3988,레몬즙 혹은 식초
3989,인스턴트라떼
3990,인스턴트아메리카노
3991,떡볶이팩
3992,초록 파프리카
3993,케챱
3994,홍고추(페퍼론치노)
3995,라면 (자신이 좋아하는 라면)
3996,죠스바
3997,사이다(또는 탄산수)
3998,우동볶이
3999,초콜릿칩
4000,삶은 숙주
4001,데친 어묵
4002,송화버섯
4003,콘치즈라면
4004,재료명 (예. 묵은김치)
4005,간소고기
4006,간돼지고기
4007,양지 혹은 사태
4008,[면 반죽]
4009,[육수]
4010,냉면용 육수
4011,마른매생이
4012,페다치즈
4013,꿀(설탕)
4014,맛술(선택)
4015,코코넛롱
4016,블루 색소
4017,[머랭]
4018,[레몬아이싱]
4019,깐 새우
4020,마늘크런치
4021,[오리엔탈 드레싱]
4022,볶은아몬드
4023,핵불닭볶음면소스
4024,잼
4025,삶은 올갱이살
4026,올갱이 삶은 물
4027,쇠고기다진것
4028,블랙빈 통조림
4029,[토마토살사]
4030,식초 혹은 레몬즙
4031,오미자액 또는 매실액
4032,애간장
4033,냉동고기만두
4034,카레가루 또는 짜장가루
4035,레몬에이드 파우더
4036,[시럽]
4037,인스턴트 스파게티
4038,먹다남은닭갈비
4039,달걀+우유
4040,토핑용 견과류
4041,초밥용 유부
4042,(카레가루)
4043,치킨튀김가루
4044,삶은감자
4045,매밀국수
4046,쪽파 또는 부추
4047,간 무
4048,생오리
4049,시나몬
4050,할라피뇨고추
4051,클래식 알프레도 크림소스
4052,[불고기 양념] 다진마늘
4053,명란 6 덩이
4054,계란 4개
4055,육수용 재료 적당량
4056,간장 3 큰술
4057,맛술 2 큰술
4058,부추 적당량
4059,흰살 생선
4060,[식초마요소스]
4061,소고기육수
4062,소고기 갈은거
4063,"간장, 미림"
4064,슬라이스 건표고
4065,슬라이스 건표고버섯
4066,명태알
4067,생골뱅이
4068,시판데리야키소스
4069,청경채잎
4070,분유
4071,샬럿
4072,골뱅이캔
4073,[반죽] 밀가루
4074,라면 혹은 소면
4075,케이준 파우더 혹은 고운고춧가루
4076,데친 얼갈이배추
4077,냉동 난
4078,고르곤졸라치즈
4079,남은잡채
4080,남은찬밥
4081,블로콜리&컬리플라워
4082,소금&후추
4083,베이크드빈스&달걀후라이
4084,청경채 잎부분
4085,[양파 양념장] 간장
4086,[양념] 양파
4087,[칠리소스]
4088,청양 고추
4089,생크림 또는 우유
4090,고형 치킨스톡
4091,통밀팬케익믹스
4092,마차파우더
4093,쥬키니
4094,통후추 간 것
4095,크랩스틱
4096,도미 매운탕거리
4097,카레 큐브 혹은 가루
4098,빵가루 혹은 식빵
4099,터키햄
4100,유부초밥
4101,소고기육전용
4102,식탁김
4103,잡채용돼지고기
4104,팥조림
4105,냉동곱창/막창/대창
4106,[양념]
4107,[무생채무말랭이무침]
4108,손질오징어링
4109,오모리 김치찌개 라면
4110,모둠전
4111,표고 버섯
4112,배추잎
4113,마카로니 2인 분량
4114,베이컨 5줄
4115,빵가루 3 큰술
4116,버터 3 큰술
4117,밀가루 2 큰술
4118,우유 2컵
4119,슬라이스치즈 5장
4120,넛맥가루 약간
4121,핫소스 약간
4122,[양념] 배
4123,닭가슴살 2~3덩이
4124,크랜베리 300g
4125,마요네즈 2 큰술
4126,설탕 4 큰술
4127,레몬즙 3 큰술
4128,소금 1 꼬집
4129,얇게 썬 생강
4130,칠리소소
4131,은행
4132,말린 표고버섯
4133,대추 혹은 밤
4134,파 다진 것
4135,꼬치전
4136,막창
4137,손질링오징어
4138,스모크파프리카파우더
4139,양유치즈
4140,병어(대)
4141,[단촛물재료]
4142,레몬슬라이스
4143,[유부조림재료]
4144,아기용 저염 슬라이스 치즈
4145,샤브샤브용고기
4146,깻잎순
4147,콘킬리오니
4148,칠리후레이크
4149,(설탕)
4150,피데기오징어
4151,(식초)
4152,엽떡
4153,(물)
4154,유혜광생돈까스
4155,쇠고기다시다
4156,표고버섯 우린 물
4157,베트남 간장
4158,라이스누들
4159,[분짜육수]
4160,구기자물
4161,늙은호박
4162,스테이크소스 또는 돈까스소스
4163,그린빈스
4164,[양념소스]
4165,바베큐 소스
4166,오징어짬뽕 라면
4167,양배추 혹은 알배추
4168,팔도짜장면
4169,인스턴트스프
4170,(혹은 우유)
4171,쫑쫑썬 파
4172,리퀴드스모크
4173,마차가루
4174,커버쳐 초콜릿
4175,별사탕 장식
4176,초콜렛 펜
4177,밀가루 강력분
4178,통 후추
4179,[소스]
4180,[제육양념]
4181,쇠고기육수
4182,글레이즈드도넛
4183,맥앤치즈
4184,호빵
4185,스팸 150g
4186,피카츄호빵
4187,꿀고구마큐브
4188,타코와사비
4189,대게딱지장
4190,편의점도시락
4191,견과류 (아몬드슬라이스 또는 땅콩분태)
4192,돼지
4193,[간장무절임]
4194,잡버섯
4195,대구살
4196,블랙빈소스
4197,브로콜리 및 콜리플라워
4198,[피자반죽]
4199,[토마토파스타]
4200,숏 파스타
4201,[기타재료]
4202,냉동곱창 혹은 막창
4203,알 배추
4204,레토르트 사골육수
4205,쪽파(6대)
4206,절단 꽃게
4207,암바사(밀키스)
4208,해남군고구마
4209,부산씨앗호떡
4210,스테이크용소고기
4211,깐밤
4212,깐대파
4213,양념더덕
4214,솔방울갑오징어 60-80
4215,탈각새우 26-30
4216,가리비관자 21-25
4217,초고버섯
4218,찹쌀누룽지
4219,표고버섯홀
4220,양송이슬라이스
4221,누룽지소스
4222,죽순홀
4223,해삼채
4224,깐마늘슬라이스
4225,정종
4226,[육수재료]
4227,팔각
4228,코리앤더
4229,드라이 레드와인
4230,"참기름, 설탕"
4231,윙
4232,빠네
4233,스파게티니
4234,무피클
4235,양파찹
4236,볶음아마씨
4237,햄프씨드
4238,백비밥
4239,존슨빌소세지
4240,로투스
4241,버거패티
4242,양념반달감자
4243,참깨브리오쉬
4244,브리오쉬번
4245,베이비딜피클
4246,참치통조림 (선택사항)
4247,땅콩소스
4248,적색파프리카
4249,황색파프리카
4250,커민가루
4251,후춧가루(약간)
4252,크랜베리주스
4253,홍시(대봉)
4254,토마토페스토
4255,"소금, 후추, 설탕"
4256,까망베르
4257,소고기양지
4258,라멘사리
4259,삼계탕육수재료
4260,묵은지찜 소스
4261,9호 닭
4262,삼계탕 티백
4263,펜넬씨
4264,모과
4265,토마토 살사
4266,닭가슴살 슬라이스
4267,체다치즈 소스
4268,구아까몰레
4269,할라페뇨
4270,키드니빈스
4271,케이젼 스파이스
4272,대두유
4273,타코 스파이스
4274,큐민분말
4275,케이앤 페퍼
4276,정제염
4277,피쉬볼
4278,멸치국시라면수프
4279,해쉬브라운
4280,토마토 작은 것
4281,[수제비 반죽]
4282,[겨자양파소스]
4283,연 겨자
4284,딸기잼 혹은 크림치즈
4285,남은카레(3분카레로 대체가능)
4286,"남은치킨(치킨텐더로 대체가능, 닭다리살구워넣는것도 가능)"
4287,말린허브
4288,절편
4289,돼지고기 찌개용
4290,[양념쌈장]
4291,큰햇반
4292,생크림소스(크림파스타소스)
4293,냉동 새우
4294,냉동 오징어링
4295,냉동 가리비 관자
4296,냉동 자숙 바지락
4297,깐양파
4298,펜시 파마산치즈
4299,라멘
4300,투게더아이스크림
4301,쫑쫑 썬 쪽파
4302,키리모찌
4303,고추가루(옵션)
4304,새꼬막
4305,단호박(또는 고구마)
4306,돼지불고기감
4307,[소금버터양념]
4308,[토마토퐁듀]
4309,가쓰오부시와 마요네즈
4310,마라소스
4311,샤브샤브소고기
4312,루토스 스프레드
4313,녹차 스프레드
4314,레몬잼
4315,쇠고기 장조림용
4316,씻은 쌀
4317,민물가재
4318,닭다리 정육
4319,꼬치용 꼬지
4320,[데리야끼소스]
4321,생표고버섯
4322,소 안심
4323,크레이프반죽
4324,페이스트리 반죽
4325,일식면
4326,돼지고기불고기용
4327,샌드위치햄
4328,소불고기용
4329,[양념간장]
4330,랍스타
4331,소고기 우둔살이나 홍두깨살
4332,소면 혹은 라면
4333,무(2줌)
4334,대파(20cm)
4335,양파(1/2개)
4336,조기(2마리)
4337,고춧가루(2 1/2큰술)
4338,간장(3큰술)
4339,청주(1큰술)
4340,맛술(2큰술)
4341,다진 생강(1/4큰술)
4342,소금(1/3큰술)
4343,물(1컵)
4344,팝콘 옥수수
4345,플레인 베이글
4346,키위드레싱
4347,슬라이스모짜렐라치즈
4348,홈런볼
4349,삶은고사리
4350,깐도라지
4351,다진대파
4352,데침용소금
4353,믹스야채
4354,갑오징어
4355,오믈렛 소스
4356,초콜렛 커버춰
4357,말린 과일칩
4358,말린 과일
4359,코팅용 화이트 초콜렛
4360,피자도우
4361,트러플 초콜릿
4362,크런치 초콜릿
4363,초코송이
4364,통조림 과일
4365,초콜릿 치즈
4366,(케이크시럽)설탕
4367,(글라사쥬)생크림
4368,다크초콜릿칩
4369,카라멜
4370,육수멸치
4371,멸치다시마 육수
4372,감
4373,블랙타이거새우
4374,투게더
4375,붉닭볶음면
4376,모듬콩
4377,맵쌀
4378,국멸치
4379,(소토닉) 소주
4380,토닉워터
4381,(홍익인간주) 소주
4382,미니홍초
4383,(밀키스주) 소주
4384,(고진감래) 소주
4385,(콜사) 콜라
4386,바나나킥
4387,순살고등어
4388,만두용 두부
4389,[양념장재료]
4390,청양고추 다진 것
4391,시판 불고기양념
4392,슈레드 피자치즈
4393,오곡
4394,카레 파우더
4395,토마토퓨레
4396,각종채소
4397,스위트앤칠리소스
4398,빨간색식용색소
4399,곱창
4400,사각오뎅
4401,불린 표고버섯
4402,페투치니 혹은 딸리아딸레
4403,토핑용 치즈
4404,[버터크림소스]
4405,또띠아 중간사이즈
4406,각종 치즈
4407,[허니크림치즈소스]
4408,"소금, 후추, 올리브오일"
4409,크러쉬드 칠리페퍼
4410,종이컵
4411,실리콘몰드
4412,포장용품
4413,불닭소스
4414,홍차티백
4415,파인애플캔
4416,알배추 잎
4417,쯔유(or간장)
4418,여신과일초 바나나스타
4419,여신과일초 러블리베리
4420,여신과일초 자몽파티
4421,스파게티 혹은 딸리아딸레
4422,테라오카 계란간장
4423,다진 야채
4424,대패오징어
4425,돌아와요 부산어묵
4426,자른 김
4427,[루]
4428,양양떡볶이
4429,바른씨 생연어
4430,귀빈정 오돌뼈
4431,다진 레몬껍질
4432,먹태
4433,멥쌀 혹은 찹쌀
4434,채썬 대파
4435,바지락 혹은 모시조개
4436,[크림육수]
4437,해물 육수
4438,면수
4439,장충동 찰순대
4440,장충동 고기순대
4441,튀김반죽
4442,쭈꾸뿅 쭈꾸미
4443,주먹밥 후레이크
4444,더 신선한 매생이
4445,오스터 믹서기
4446,얼린 소다맛 음료
4447,식용색소(파랑)
4448,솜사탕
4449,이베리코 베요타 황제폭립
4450,이십오 참치
4451,떡볶이 양념
4452,호가네 주꾸미
4453,쑥
4454,워터크래스
4455,리코타
4456,발사믹 혹은 꿀
4457,카레블록
4458,냉동 맵쌀가루
4459,곤약가루
4460,팽이버섯(1줌)
4461,두부(1모)
4462,들기름(2큰술)
4463,고춧가루(2큰술)
4464,간장(1큰술)
4465,새우젓(1큰술)
4466,무설탕 그릭 요거트 1통
4467,강황 가루
4468,큐민 가루
4469,고등어자반
4470,빨강 색소
4471,나래바 본 인 스테이크
4472,에그팬
4473,닭 다리 정육
4474,돼지고기 등심 혹은 안심
4475,[매콤양념장]
4476,채소
4477,푸실리파스타
4478,간장장아찌
4479,염장 꼬시래기
4480,채썬 애호박
4481,[마요네즈소스]
4482,제육볶음용 고기
4483,[제육볶음양념]
4484,말린고추
4485,[치즈소스]
4486,우유 혹은 생크림
4487,립
4488,닭다리 혹은 허벅지살
4489,오슬로 계란말이 팬
4490,단촛물
4491,백골뱅이
4492,아귀포
4493,로리앙 전기오븐
4494,레몬껍질
4495,건고구마나물
4496,양념장어
4497,튀김용식용유
4498,삭초
4499,프리미엄 게맛살
4500,단백질 공화국 통밀 팬케이크
4501,데이츠 시럽
4502,피타브레드
4503,스위트 칠리 소스
4504,숏파스타(푸실리펜네 등)
4505,레토르트 토마토소스l
4506,"다진마늘, 다진생강"
4507,녹인초코
4508,닭 날개
4509,취영루 만두(군만두)
4510,취영루 만두(교자만두)
4511,취영루 만두(물만두)
4512,버터식빵(
4513,은박지
4514,스테이크용 고기
4515,넛맥 파우더
4516,생참치
4517,생새우
4518,어묵꼬치
4519,캔맥주
4520,파파쿡 코다리 물냉면
4521,파파쿡 코다리 비빔냉면
4522,다포리
4523,다진 바질
4524,삼계탕한방팩
4525,후지사과
4526,청사과
4527,그래놀라
4528,반쎄오가루
4529,소고기목심
4530,삶은녹두
4531,탈각새우
4532,셀라 프리미엄 4단 식품건조기
4533,완도 꼬마전복
4534,육즙가득 짬뽕 군만두
4535,육즙가득 백짬뽕 군만두
4536,해물 믹스
4537,슈레드 치즈
4538,오렌지 웻지
4539,레몬 웻지
4540,설탕 시럽
4541,시판 발사믹 드레싱
4542,스리라차소스
4543,냉동참치
4544,멸치다시백
4545,김말이튀김
4546,생어거스틴 볶음밥
4547,스파이스 타이칠리누들
4548,그린커리 새우볶음
4549,코코넛 새우볶음
4550,꿍팟봉커리
4551,아침 감자
4552,다진 햄
4553,아침 고등어
4554,보리쌀
4555,얼갈이
4556,약고추장
4557,채 썬 돼지고기
4558,민어회
4559,자숙문어
4560,무뼈닭발
4561,대구 시골 생막창
4562,대구 수제직화막창
4563,[간장소스]
4564,참소스
4565,냉면 면
4566,[육회재료]
4567,농축액
4568,[농축액재료]
4569,[냉면양념장]
4570,통조림파인애플
4571,통조림파인애플국물
4572,빨강색소
4573,파랑색소
4574,자색고구마
4575,중국당면
4576,[육수 재료]
4577,[크림치즈소스]
4578,다진 피망
4579,동원 훈제연어
4580,우 삼겹
4581,콩물
4582,오트밀 바게트
4583,돼지고기 볶음용
4584,새우딤섬
4585,마른 고추
4586,버거번
4587,다진목살
4588,다진양지
4589,크러시드레드페퍼
4590,사워크림(또는 플레인요거트)
4591,미니족발
4592,차돌박이 혹은 우삼겹
4593,[유자폰즈]
4594,쯔유 혹은 간장
4595,김자반
4596,야키소바면
4597,생강초절임
4598,오돌뼈
4599,메로나
4600,동치미국물
4601,알록옥수수
4602,순살양념꽃게장
4603,천도복숭아 중간크기
4604,아이스티분말
4605,레토르트 우동
4606,레토르트 짜장
4607,[육수용재료]
4608,말린 멸치
4609,일반 고춧가루
4610,사과 2배 식초
4611,통베이컨 250g
4612,올리고당 5 큰술
4613,설탕 1 큰술
4614,크레페믹스가루
4615,색소
4616,빠다코코낫
4617,팥양갱
4618,고메버터
4619,라즈베리청
4620,브로콜리가루
4621,케일가루
4622,국화빵통팥
4623,파스퇴르 우유
4624,토핑과자
4625,키스틱
4626,이 외 취향에 맞는 과일
4627,"파프리카(적,노)"
4628,파마산치즈 가루
4629,"쾌변(사과맛,포도맛,골드키위맛,플레인맛)"
4630,라베스트민트초코콘
4631,초코과자
4632,데코용 딸기
4633,꿀 혹은 시럽
4634,그래놀라 시리얼
4635,파스퇴르 쾌변 플레인맛
4636,의성마늘 로스팜
4637,파프리카 혹은 피망
4638,의성마늘 비엔나
4639,떡사리
4640,당면사리
4641,고추장 등 양념장
4642,대망의 라면스프
4643,속편한 쾌변
4644,크런키 초콜렛
4645,황금 돼지바
4646,차가운 물
4647,믹서기에 갈 재료) 양파
4648,(제육 양념장) 진간장
4649,요리 당
4650,묵은지(신김치)
4651,들기름(참기름)
4652,별난바톡톡
4653,에스프레소 샷 (혹은 커피우유)
4654,각종 토핑
4655,에스프레소 (혹은 커피우유)
4656,시리얼토핑
4657,아맛나 콘아이스크림
4658,우유 얼음
4659,아맛나콘
4660,에스프레소 ( 혹은 커피우유 )
4661,고구마 두개
4662,튀김가루 1봉
4663,청양고추 2개
4664,쨈
4665,바륵목장 소프트요거트
4666,꼬지
4667,키스틱 체다치즈
4668,김밥 재료
4669,키스틱크림치즈롤
4670,빠삐코바
4671,롯데샌드
4672,신김치(줄기쪽)
4673,쫑쫑 썬 대파· 통깨
4674,있으면 밥
4675,다시마(7*7cm)
4676,※닭다리살 정육은 대형마트 or 코스트코에서 구매
4677,해물 다시팩 육수
4678,팥가루
4679,닭껍질
4680,통후추가루
4681,돼지고기(뒷다리)
4682,돈코츠라멘
4683,양배주
4684,멸치육수팩
4685,돼지 앞다리살
4686,멸치가루
4687,꽃소금
4688,불린고사리
4689,모짜렐라치즈(블럭)
4690,두부(부침용)
4691,밀가루or부침가루
4692,황설탈
4693,닭순살
4694,얼큰한너구리
4695,단단한 두부
4696,귤청
4697,"파프리카(빨강,노랑)"
4698,해물다시팩
4699,닭 (볶음용)
4700,꿀 (설탕)
4701,액상치킨스탁
4702,드라이타임
4703,간장 절임 마늘
4704,로메인 (혹은 청상추)
4705,디존 머스터드
4706,드라이 오레가노
4707,레몬 제스트 (옵션)
4708,셀러리 새싹 (옵션)
4709,다진 파슬리 (옵션)
4710,오일 (혹은 물)
4711,라임 제스터
4712,야채육수(혹은 물)
4713,메이플시럽(꿀)
4714,클로브
4715,시나몬스틱
